asset_name,hostname,type,algo,bits,protocol,env,department,owner,valid_from,valid_to,notes
portal-upi-193 tls certificate,portal-upi-193.tejomaya.internal:443,tls_certificate,ECDSA,256,TLSv1.3,production,Payments,payments-platform@tejomaya.example,2025-12-01,2027-01-03,upi subsystem
mq-pki-120 tls certificate,mq-pki-120.tejomaya.internal:443,tls_certificate,RSA,2048,TLSv1.2,production,PKI,pki-team@tejomaya.example,2026-07-14,2027-08-16,pki subsystem
svc-atm-100 tls certificate,svc-atm-100.tejomaya.internal:443,tls_certificate,RSA,2048,TLSv1.2,staging,ATM Estate,atm-engineering@tejomaya.example,2026-07-13,2027-08-15,atm subsystem
Digital Channels release signing key 212,/opt/ci/channels-release-signing-212.pem,code_signing,RSA,3072,,staging,Digital Channels,identity-team@tejomaya.example,2026-05-16,2029-05-15,channels subsystem
rpt-infra-127 config,rpt-infra-127.tejomaya.internal:443,config,TLS_RSA_WITH_AES_128_CBC_SHA256,128,TLSv1.2,production,Infrastructure,platform-team@tejomaya.example,2025-07-23,2027-07-23,infra subsystem
Cards backup key 156,/opt/backup/cards-archive-156.key,backup_encryption,AES,256,,dr,Cards,cards-engineering@tejomaya.example,2024-07-01,2026-07-01,cards subsystem
auth-lending-185 tls certificate,auth-lending-185.tejomaya.internal:443,tls_certificate,RSA,2048,TLSv1.2,dr,Lending,lending-eng@tejomaya.example,2026-03-25,2027-04-27,lending subsystem
auth-corebank-030 tls cipher suite,auth-corebank-030.tejomaya.internal:443,tls_cipher_suite,TLS_ECDHE_RSA_WITH_AES_256_GCM_SHA384,256,TLSv1.2,production,Core Banking,corebank-ops@tejomaya.example,2025-07-27,2027-07-27,corebank subsystem
sso-pki-236 tls certificate,sso-pki-236.tejomaya.internal:443,tls_certificate,ECDSA,256,TLSv1.3,production,PKI,pki-team@tejomaya.example,2026-03-13,2027-04-15,pki subsystem
batch-atm-100 tls certificate,batch-atm-100.tejomaya.internal:443,tls_certificate,ECDSA,256,TLSv1.3,production,ATM Estate,atm-engineering@tejomaya.example,2026-03-12,2027-04-14,atm subsystem
api-cards-002 tls key exchange,api-cards-002.tejomaya.internal:443,tls_key_exchange,ECDHE,256,TLSv1.3,production,Cards,cards-engineering@tejomaya.example,2026-04-16,2028-04-15,cards subsystem
sso-npci-099 tls certificate,sso-npci-099.tejomaya.internal:443,tls_certificate,RSA,2048,TLSv1.2,production,Payments,payments-platform@tejomaya.example,2025-12-14,2027-01-16,npci subsystem
Treasury device identity 032,treasury-fleet-032.tejomaya.internal,device_identity,ECDSA,256,,production,Treasury,,2026-01-18,2034-01-16,treasury subsystem
cache-infra-169 tls certificate,cache-infra-169.tejomaya.internal:443,tls_certificate,RSA,2048,TLSv1.2,production,Infrastructure,platform-team@tejomaya.example,2026-06-06,2027-07-09,infra subsystem
admin-pki-115 tls certificate,admin-pki-115.tejomaya.internal:443,tls_certificate,RSA,2048,TLSv1.2,staging,PKI,,2025-07-23,2026-08-25,pki subsystem
portal-npci-166 database tls,portal-npci-166.tejomaya.internal:443,database_tls,AES,256,,production,Payments,payments-platform@tejomaya.example,2024-09-12,2026-09-12,npci subsystem
Payments IPsec tunnel 115,vpn-upi-115.tejomaya.internal,vpn_ipsec,DH,2048,,staging,Payments,,2025-01-03,2027-01-03,upi subsystem
rpt-cards-119 tls certificate,rpt-cards-119.tejomaya.internal:443,tls_certificate,RSA,2048,TLSv1.2,production,Cards,cards-engineering@tejomaya.example,2025-10-12,2026-11-14,cards subsystem
rpt-lending-199 config,rpt-lending-199.tejomaya.internal:443,config,TLS_RSA_WITH_AES_128_CBC_SHA256,128,TLSv1.2,production,Lending,lending-eng@tejomaya.example,2026-05-26,2028-05-25,lending subsystem
cache-npci-013 tls certificate,cache-npci-013.tejomaya.internal:443,tls_certificate,ECDSA,256,TLSv1.3,production,Payments,payments-platform@tejomaya.example,2025-12-08,2027-01-10,npci subsystem
api-pki-234 tls key exchange,api-pki-234.tejomaya.internal:443,tls_key_exchange,ECDHE,256,TLSv1.3,production,PKI,pki-team@tejomaya.example,2026-01-06,2028-01-06,pki subsystem
batch-pki-135 tls certificate,batch-pki-135.tejomaya.internal:443,tls_certificate,RSA,2048,TLSv1.2,production,PKI,pki-team@tejomaya.example,2026-06-25,2027-07-28,pki subsystem
rpt-upi-161 tls certificate,rpt-upi-161.tejomaya.internal:443,tls_certificate,ECDSA,256,TLSv1.3,staging,Payments,payments-platform@tejomaya.example,2026-04-27,2027-05-30,upi subsystem
rpt-atm-022 tls cipher suite,rpt-atm-022.tejomaya.internal:443,tls_cipher_suite,TLS_ECDHE_RSA_WITH_AES_256_GCM_SHA384,256,TLSv1.2,staging,ATM Estate,atm-engineering@tejomaya.example,2025-03-07,2027-03-07,atm subsystem
app-atm-071 tls cipher suite,app-atm-071.tejomaya.internal:443,tls_cipher_suite,TLS_ECDHE_RSA_WITH_AES_256_GCM_SHA384,256,TLSv1.2,staging,ATM Estate,,2025-11-17,2027-11-17,atm subsystem
db-lending-061 tls key exchange,db-lending-061.tejomaya.internal:443,tls_key_exchange,ECDHE,256,TLSv1.3,production,Lending,lending-eng@tejomaya.example,2026-06-19,2028-06-18,lending subsystem
Infrastructure token signing key 228,/opt/idp/infra-jwt-signing-228.pem,token_signing,RSA,2048,,production,Infrastructure,platform-team@tejomaya.example,2025-09-14,2027-09-14,infra subsystem
int-pki-035 tls key exchange,int-pki-035.tejomaya.internal:443,tls_key_exchange,ECDHE,256,TLSv1.3,staging,PKI,pki-team@tejomaya.example,2025-09-24,2027-09-24,pki subsystem
notify-lending-177 tls key exchange,notify-lending-177.tejomaya.internal:443,tls_key_exchange,ECDHE,256,TLSv1.3,production,Lending,,2026-05-05,2028-05-04,lending subsystem
mq-cards-147 tls certificate,mq-cards-147.tejomaya.internal:443,tls_certificate,RSA,2048,TLSv1.2,production,Cards,cards-engineering@tejomaya.example,2026-02-23,2027-03-28,cards subsystem
gw-infra-116 tls key exchange,gw-infra-116.tejomaya.internal:443,tls_key_exchange,ECDHE,256,TLSv1.3,production,Infrastructure,platform-team@tejomaya.example,2025-09-17,2027-09-17,infra subsystem
Treasury backup key 007,/opt/backup/treasury-archive-007.key,backup_encryption,AES,256,,production,Treasury,treasury-tech@tejomaya.example,2026-04-19,2028-04-18,treasury subsystem
auth-treasury-022 tls cipher suite,auth-treasury-022.tejomaya.internal:443,tls_cipher_suite,TLS_ECDHE_RSA_WITH_AES_256_GCM_SHA384,256,TLSv1.2,production,Treasury,treasury-tech@tejomaya.example,2026-08-11,2028-08-10,treasury subsystem
portal-npci-088 tls certificate,portal-npci-088.tejomaya.internal:443,tls_certificate,RSA,2048,TLSv1.2,production,Payments,payments-platform@tejomaya.example,2026-03-30,2027-05-02,npci subsystem
api-cards-158 tls certificate,api-cards-158.tejomaya.internal:443,tls_certificate,RSA,2048,TLSv1.2,production,Cards,cards-engineering@tejomaya.example,2025-11-17,2026-12-20,cards subsystem
gw-corebank-104 tls cipher suite,gw-corebank-104.tejomaya.internal:443,tls_cipher_suite,TLS_ECDHE_RSA_WITH_AES_256_GCM_SHA384,256,TLSv1.2,staging,Core Banking,corebank-ops@tejomaya.example,2025-10-06,2027-10-06,corebank subsystem
cache-cards-165 tls certificate,cache-cards-165.tejomaya.internal:443,tls_certificate,RSA,2048,TLSv1.2,staging,Cards,,2026-04-08,2027-05-11,cards subsystem
web-atm-167 tls certificate,web-atm-167.tejomaya.internal:443,tls_certificate,ECDSA,256,TLSv1.3,production,ATM Estate,,2026-01-14,2027-02-16,atm subsystem
web-corebank-191 tls cipher suite,web-corebank-191.tejomaya.internal:443,tls_cipher_suite,TLS_ECDHE_RSA_WITH_AES_256_GCM_SHA384,256,TLSv1.2,production,Core Banking,,2024-10-12,2026-10-12,corebank subsystem
ATM Estate backup key 222,/opt/backup/atm-archive-222.key,backup_encryption,AES,256,,staging,ATM Estate,,2024-07-18,2026-07-18,atm subsystem
svc-lending-167 tls key exchange,svc-lending-167.tejomaya.internal:443,tls_key_exchange,ECDHE,256,TLSv1.3,production,Lending,lending-eng@tejomaya.example,2024-07-19,2026-07-19,lending subsystem
batch-corebank-193 tls key exchange,batch-corebank-193.tejomaya.internal:443,tls_key_exchange,ECDHE,256,TLSv1.3,production,Core Banking,corebank-ops@tejomaya.example,2025-07-20,2027-07-20,corebank subsystem
db-channels-156 tls certificate,db-channels-156.tejomaya.internal:443,tls_certificate,RSA,2048,TLSv1.2,production,Digital Channels,identity-team@tejomaya.example,2025-12-10,2027-01-12,channels subsystem
web-treasury-098 tls certificate,web-treasury-098.tejomaya.internal:443,tls_certificate,RSA,2048,TLSv1.2,production,Treasury,treasury-tech@tejomaya.example,2026-04-18,2027-05-21,treasury subsystem
auth-npci-021 tls key exchange,auth-npci-021.tejomaya.internal:443,tls_key_exchange,ECDHE,256,TLSv1.3,production,Payments,payments-platform@tejomaya.example,2026-03-08,2028-03-07,npci subsystem
rpt-infra-123 tls key exchange,rpt-infra-123.tejomaya.internal:443,tls_key_exchange,ECDHE,256,TLSv1.3,staging,Infrastructure,platform-team@tejomaya.example,2026-02-18,2028-02-18,infra subsystem
gw-corebank-126 tls certificate,gw-corebank-126.tejomaya.internal:443,tls_certificate,RSA,2048,TLSv1.2,staging,Core Banking,corebank-ops@tejomaya.example,2026-01-22,2027-02-24,corebank subsystem
batch-infra-087 tls cipher suite,batch-infra-087.tejomaya.internal:443,tls_cipher_suite,TLS_ECDHE_RSA_WITH_AES_256_GCM_SHA384,256,TLSv1.2,production,Infrastructure,platform-team@tejomaya.example,2026-05-23,2028-05-22,infra subsystem
Lending backup key 103,/opt/backup/lending-archive-103.key,backup_encryption,AES,256,,staging,Lending,lending-eng@tejomaya.example,2024-12-22,2026-12-22,lending subsystem
gw-cards-219 tls certificate,gw-cards-219.tejomaya.internal:443,tls_certificate,RSA,2048,TLSv1.2,dr,Cards,,2025-09-08,2026-10-11,cards subsystem
Digital Channels device identity 240,channels-fleet-240.tejomaya.internal,device_identity,ECDSA,256,,production,Digital Channels,,2022-04-07,2030-04-05,channels subsystem
batch-upi-232 database tls,batch-upi-232.tejomaya.internal:443,database_tls,AES,256,,production,Payments,,2025-01-14,2027-01-14,upi subsystem
rpt-atm-075 tls certificate,rpt-atm-075.tejomaya.internal:443,tls_certificate,RSA,2048,TLSv1.2,production,ATM Estate,,2026-04-04,2027-05-07,atm subsystem
Payments source call site 186,services/npci/app_handler.py:47,source,MD5,128,,production,Payments,payments-platform@tejomaya.example,2026-08-12,2028-08-11,npci subsystem
notify-treasury-065 tls key exchange,notify-treasury-065.tejomaya.internal:443,tls_key_exchange,ECDHE,256,TLSv1.3,production,Treasury,treasury-tech@tejomaya.example,2026-03-07,2028-03-06,treasury subsystem
batch-atm-136 tls key exchange,batch-atm-136.tejomaya.internal:443,tls_key_exchange,X25519,256,TLSv1.3,production,ATM Estate,atm-engineering@tejomaya.example,2025-06-21,2027-06-21,atm subsystem
rpt-channels-116 tls certificate,rpt-channels-116.tejomaya.internal:443,tls_certificate,RSA,2048,TLSv1.2,production,Digital Channels,identity-team@tejomaya.example,2026-03-04,2027-04-06,channels subsystem
notify-lending-199 tls certificate,notify-lending-199.tejomaya.internal:443,tls_certificate,RSA,2048,TLSv1.2,production,Lending,lending-eng@tejomaya.example,2026-02-09,2027-03-14,lending subsystem
ATM Estate backup key 133,/opt/backup/atm-archive-133.key,backup_encryption,AES,256,,production,ATM Estate,atm-engineering@tejomaya.example,2024-10-17,2026-10-17,atm subsystem
batch-pki-231 tls key exchange,batch-pki-231.tejomaya.internal:443,tls_key_exchange,ECDHE,256,TLSv1.3,production,PKI,pki-team@tejomaya.example,2025-11-04,2027-11-04,pki subsystem
Core Banking token signing key 40,/opt/idp/corebank-jwt-signing-40.pem,token_signing,RSA,2048,,staging,Core Banking,corebank-ops@tejomaya.example,2025-08-12,2027-08-12,corebank subsystem
edge-infra-232 tls key exchange,edge-infra-232.tejomaya.internal:443,tls_key_exchange,X25519,256,TLSv1.3,staging,Infrastructure,platform-team@tejomaya.example,2025-06-24,2027-06-24,infra subsystem
admin-pki-047 tls certificate,admin-pki-047.tejomaya.internal:443,tls_certificate,ECDSA,256,TLSv1.3,staging,PKI,pki-team@tejomaya.example,2026-04-19,2027-05-22,pki subsystem
api-pki-131 tls cipher suite,api-pki-131.tejomaya.internal:443,tls_cipher_suite,TLS_ECDHE_RSA_WITH_AES_256_GCM_SHA384,256,TLSv1.2,production,PKI,pki-team@tejomaya.example,2025-10-06,2027-10-06,pki subsystem
ATM Estate backup key 079,/opt/backup/atm-archive-079.key,backup_encryption,AES,256,,production,ATM Estate,atm-engineering@tejomaya.example,2025-03-21,2027-03-21,atm subsystem
Cards device identity 167,cards-fleet-167.tejomaya.internal,device_identity,ECDSA,256,,production,Cards,,2024-05-20,2032-05-18,cards subsystem
web-lending-194 database tls,web-lending-194.tejomaya.internal:443,database_tls,AES,256,,staging,Lending,,2025-01-07,2027-01-07,lending subsystem
SSH host key svc-202,/etc/ssh/ssh_host_key_svc-202,ssh_key,RSA,2048,,production,Core Banking,corebank-ops@tejomaya.example,2025-10-28,2027-10-28,corebank subsystem
Digital Channels backup key 145,/opt/backup/channels-archive-145.key,backup_encryption,3DES,168,,production,Digital Channels,identity-team@tejomaya.example,2024-10-19,2026-10-19,channels subsystem
etl-channels-134 tls certificate,etl-channels-134.tejomaya.internal:443,tls_certificate,ECDSA,256,TLSv1.3,production,Digital Channels,,2026-03-04,2027-04-06,channels subsystem
notify-infra-056 tls certificate,notify-infra-056.tejomaya.internal:443,tls_certificate,ECDSA,256,TLSv1.3,production,Infrastructure,platform-team@tejomaya.example,2026-02-23,2027-03-28,infra subsystem
Treasury token signing key 80,/opt/idp/treasury-jwt-signing-80.pem,token_signing,RSA,2048,,dr,Treasury,treasury-tech@tejomaya.example,2025-10-13,2027-10-13,treasury subsystem
cache-atm-091 tls key exchange,cache-atm-091.tejomaya.internal:443,tls_key_exchange,ECDHE,256,TLSv1.3,staging,ATM Estate,atm-engineering@tejomaya.example,2026-03-02,2028-03-01,atm subsystem
edge-atm-192 tls key exchange,edge-atm-192.tejomaya.internal:443,tls_key_exchange,ECDHE,256,TLSv1.3,production,ATM Estate,atm-engineering@tejomaya.example,2025-01-04,2027-01-04,atm subsystem
api-channels-124 tls key exchange,api-channels-124.tejomaya.internal:443,tls_key_exchange,ECDHE,256,TLSv1.3,production,Digital Channels,identity-team@tejomaya.example,2025-05-31,2027-05-31,channels subsystem
SSH host key mq-184,/etc/ssh/ssh_host_key_mq-184,ssh_key,RSA,2048,,production,Cards,cards-engineering@tejomaya.example,2024-07-21,2026-07-21,cards subsystem
web-atm-021 tls cipher suite,web-atm-021.tejomaya.internal:443,tls_cipher_suite,TLS_ECDHE_RSA_WITH_AES_256_GCM_SHA384,256,TLSv1.2,production,ATM Estate,atm-engineering@tejomaya.example,2026-01-06,2028-01-06,atm subsystem
PKI backup key 032,/opt/backup/pki-archive-032.key,backup_encryption,AES,256,,production,PKI,pki-team@tejomaya.example,2026-05-28,2028-05-27,pki subsystem
web-pki-152 tls certificate,web-pki-152.tejomaya.internal:443,tls_certificate,RSA,2048,TLSv1.2,production,PKI,pki-team@tejomaya.example,2026-08-14,2027-09-16,pki subsystem
gw-atm-146 tls key exchange,gw-atm-146.tejomaya.internal:443,tls_key_exchange,X25519,256,TLSv1.3,production,ATM Estate,atm-engineering@tejomaya.example,2025-11-04,2027-11-04,atm subsystem
int-atm-221 tls key exchange,int-atm-221.tejomaya.internal:443,tls_key_exchange,X25519,256,TLSv1.3,dr,ATM Estate,atm-engineering@tejomaya.example,2026-03-15,2028-03-14,atm subsystem
sso-treasury-060 tls key exchange,sso-treasury-060.tejomaya.internal:443,tls_key_exchange,X25519,256,TLSv1.3,dr,Treasury,treasury-tech@tejomaya.example,2025-10-30,2027-10-30,treasury subsystem
gw-upi-227 tls certificate,gw-upi-227.tejomaya.internal:443,tls_certificate,ECDSA,256,TLSv1.3,staging,Payments,payments-platform@tejomaya.example,2026-02-18,2027-03-23,upi subsystem
notify-lending-172 tls key exchange,notify-lending-172.tejomaya.internal:443,tls_key_exchange,X25519,256,TLSv1.3,production,Lending,lending-eng@tejomaya.example,2025-10-29,2027-10-29,lending subsystem
edge-atm-181 tls key exchange,edge-atm-181.tejomaya.internal:443,tls_key_exchange,ECDHE,256,TLSv1.3,production,ATM Estate,atm-engineering@tejomaya.example,2025-03-20,2027-03-20,atm subsystem
svc-channels-119 tls cipher suite,svc-channels-119.tejomaya.internal:443,tls_cipher_suite,TLS_ECDHE_RSA_WITH_AES_256_GCM_SHA384,256,TLSv1.2,production,Digital Channels,identity-team@tejomaya.example,2024-10-08,2026-10-08,channels subsystem
edge-treasury-061 tls certificate,edge-treasury-061.tejomaya.internal:443,tls_certificate,RSA,2048,TLSv1.2,production,Treasury,treasury-tech@tejomaya.example,2026-05-15,2027-06-17,treasury subsystem
auth-channels-003 tls certificate,auth-channels-003.tejomaya.internal:443,tls_certificate,RSA,2048,TLSv1.2,production,Digital Channels,,2026-03-16,2027-04-18,channels subsystem
gw-upi-205 tls certificate,gw-upi-205.tejomaya.internal:443,tls_certificate,ECDSA,256,TLSv1.3,staging,Payments,,2026-05-13,2027-06-15,upi subsystem
auth-cards-218 tls cipher suite,auth-cards-218.tejomaya.internal:443,tls_cipher_suite,TLS_ECDHE_RSA_WITH_AES_256_GCM_SHA384,256,TLSv1.2,staging,Cards,cards-engineering@tejomaya.example,2025-12-01,2027-12-01,cards subsystem
app-atm-025 tls certificate,app-atm-025.tejomaya.internal:443,tls_certificate,RSA,2048,TLSv1.2,production,ATM Estate,atm-engineering@tejomaya.example,2026-06-13,2027-07-16,atm subsystem
etl-treasury-193 tls certificate,etl-treasury-193.tejomaya.internal:443,tls_certificate,RSA,2048,TLSv1.2,production,Treasury,treasury-tech@tejomaya.example,2026-05-01,2027-06-03,treasury subsystem
batch-pki-009 config,batch-pki-009.tejomaya.internal:443,config,3DES,168,TLSv1.0,staging,PKI,pki-team@tejomaya.example,2026-07-18,2028-07-17,pki subsystem
Lending token signing key 240,/opt/idp/lending-jwt-signing-240.pem,token_signing,RSA,2048,,production,Lending,,2025-02-21,2027-02-21,lending subsystem
COREBANK firmware signing key 116,hsm://fw-hsm-01/slot0/firmware-sign,firmware_signing,RSA,3072,,dr,Core Banking,corebank-ops@tejomaya.example,2015-10-13,2027-10-10,corebank subsystem
etl-cards-221 config,etl-cards-221.tejomaya.internal:443,config,TLS_RSA_WITH_AES_128_CBC_SHA256,128,TLSv1.2,production,Cards,cards-engineering@tejomaya.example,2025-06-05,2027-06-05,cards subsystem
notify-upi-137 tls key exchange,notify-upi-137.tejomaya.internal:443,tls_key_exchange,ECDHE,256,TLSv1.3,staging,Payments,payments-platform@tejomaya.example,2024-10-03,2026-10-03,upi subsystem
notify-channels-133 database tls,notify-channels-133.tejomaya.internal:443,database_tls,AES,256,,production,Digital Channels,identity-team@tejomaya.example,2026-04-18,2028-04-17,channels subsystem
auth-channels-128 tls cipher suite,auth-channels-128.tejomaya.internal:443,tls_cipher_suite,TLS_ECDHE_RSA_WITH_AES_256_GCM_SHA384,256,TLSv1.2,production,Digital Channels,identity-team@tejomaya.example,2026-08-10,2028-08-09,channels subsystem
cache-cards-053 tls key exchange,cache-cards-053.tejomaya.internal:443,tls_key_exchange,ECDHE,256,TLSv1.3,production,Cards,cards-engineering@tejomaya.example,2025-12-07,2027-12-07,cards subsystem
cache-atm-055 tls certificate,cache-atm-055.tejomaya.internal:443,tls_certificate,ECDSA,256,TLSv1.3,production,ATM Estate,atm-engineering@tejomaya.example,2026-03-07,2027-04-09,atm subsystem
admin-corebank-062 tls key exchange,admin-corebank-062.tejomaya.internal:443,tls_key_exchange,ECDHE,256,TLSv1.3,production,Core Banking,corebank-ops@tejomaya.example,2025-12-20,2027-12-20,corebank subsystem
rpt-lending-120 tls certificate,rpt-lending-120.tejomaya.internal:443,tls_certificate,RSA,2048,TLSv1.2,production,Lending,lending-eng@tejomaya.example,2026-02-09,2027-03-14,lending subsystem
notify-lending-180 tls key exchange,notify-lending-180.tejomaya.internal:443,tls_key_exchange,X25519,256,TLSv1.3,production,Lending,lending-eng@tejomaya.example,2025-06-25,2027-06-25,lending subsystem
PKI release signing key 98,/opt/ci/pki-release-signing-98.pem,code_signing,ML-DSA-65,256,,production,PKI,pki-team@tejomaya.example,2024-02-26,2027-02-25,pki subsystem
db-treasury-123 tls certificate,db-treasury-123.tejomaya.internal:443,tls_certificate,RSA,2048,TLSv1.2,production,Treasury,treasury-tech@tejomaya.example,2026-05-14,2027-06-16,treasury subsystem
edge-channels-153 tls key exchange,edge-channels-153.tejomaya.internal:443,tls_key_exchange,ECDHE,256,TLSv1.3,dr,Digital Channels,identity-team@tejomaya.example,2026-01-18,2028-01-18,channels subsystem
etl-cards-045 tls cipher suite,etl-cards-045.tejomaya.internal:443,tls_cipher_suite,TLS_ECDHE_RSA_WITH_AES_256_GCM_SHA384,256,TLSv1.2,production,Cards,,2026-06-11,2028-06-10,cards subsystem
etl-atm-224 tls certificate,etl-atm-224.tejomaya.internal:443,tls_certificate,RSA,2048,TLSv1.2,dr,ATM Estate,atm-engineering@tejomaya.example,2026-06-07,2027-07-10,atm subsystem
mq-cards-207 tls certificate,mq-cards-207.tejomaya.internal:443,tls_certificate,RSA,2048,TLSv1.2,production,Cards,cards-engineering@tejomaya.example,2026-08-05,2027-09-07,cards subsystem
app-treasury-080 tls certificate,app-treasury-080.tejomaya.internal:443,tls_certificate,RSA,2048,TLSv1.2,staging,Treasury,treasury-tech@tejomaya.example,2026-02-23,2027-03-28,treasury subsystem
sso-channels-195 tls certificate,sso-channels-195.tejomaya.internal:443,tls_certificate,ECDSA,256,TLSv1.3,production,Digital Channels,identity-team@tejomaya.example,2026-03-22,2027-04-24,channels subsystem
db-cards-020 tls certificate,db-cards-020.tejomaya.internal:443,tls_certificate,ECDSA,256,TLSv1.3,production,Cards,,2026-03-28,2027-04-30,cards subsystem
notify-treasury-024 tls certificate,notify-treasury-024.tejomaya.internal:443,tls_certificate,ECDSA,256,TLSv1.3,production,Treasury,treasury-tech@tejomaya.example,2026-05-03,2027-06-05,treasury subsystem
cache-lending-078 tls certificate,cache-lending-078.tejomaya.internal:443,tls_certificate,ECDSA,256,TLSv1.3,staging,Lending,lending-eng@tejomaya.example,2026-04-21,2027-05-24,lending subsystem
gw-treasury-218 tls certificate,gw-treasury-218.tejomaya.internal:443,tls_certificate,RSA,2048,TLSv1.2,dr,Treasury,treasury-tech@tejomaya.example,2025-08-03,2026-09-05,treasury subsystem
api-lending-114 tls key exchange,api-lending-114.tejomaya.internal:443,tls_key_exchange,X25519,256,TLSv1.3,production,Lending,lending-eng@tejomaya.example,2025-12-04,2027-12-04,lending subsystem
batch-corebank-139 tls key exchange,batch-corebank-139.tejomaya.internal:443,tls_key_exchange,ECDHE,256,TLSv1.3,production,Core Banking,,2025-04-23,2027-04-23,corebank subsystem
Digital Channels device identity 172,channels-fleet-172.tejomaya.internal,device_identity,ECDSA,256,,production,Digital Channels,identity-team@tejomaya.example,2022-11-23,2030-11-21,channels subsystem
Cards IPsec tunnel 114,vpn-cards-114.tejomaya.internal,vpn_ipsec,DH,2048,,staging,Cards,,2025-04-20,2027-04-20,cards subsystem
mq-upi-111 tls certificate,mq-upi-111.tejomaya.internal:443,tls_certificate,RSA,2048,TLSv1.2,production,Payments,payments-platform@tejomaya.example,2026-01-09,2027-02-11,upi subsystem
sso-infra-155 config,sso-infra-155.tejomaya.internal:443,config,3DES,168,TLSv1.0,dr,Infrastructure,platform-team@tejomaya.example,2025-04-13,2027-04-13,infra subsystem
mq-npci-180 tls key exchange,mq-npci-180.tejomaya.internal:443,tls_key_exchange,ECDHE,256,TLSv1.3,staging,Payments,,2025-12-10,2027-12-10,npci subsystem
svc-cards-049 tls certificate,svc-cards-049.tejomaya.internal:443,tls_certificate,RSA,2048,TLSv1.2,production,Cards,cards-engineering@tejomaya.example,2026-02-05,2027-03-10,cards subsystem
svc-upi-178 database tls,svc-upi-178.tejomaya.internal:443,database_tls,AES,256,,production,Payments,payments-platform@tejomaya.example,2025-04-11,2027-04-11,upi subsystem
app-lending-201 tls certificate,app-lending-201.tejomaya.internal:443,tls_certificate,RSA,2048,TLSv1.2,production,Lending,lending-eng@tejomaya.example,2026-06-30,2027-08-02,lending subsystem
rpt-corebank-039 tls certificate,rpt-corebank-039.tejomaya.internal:443,tls_certificate,RSA,2048,TLSv1.2,production,Core Banking,,2026-02-12,2027-03-17,corebank subsystem
rpt-corebank-179 tls key exchange,rpt-corebank-179.tejomaya.internal:443,tls_key_exchange,ECDHE,256,TLSv1.3,production,Core Banking,corebank-ops@tejomaya.example,2025-07-13,2027-07-13,corebank subsystem
batch-lending-110 tls key exchange,batch-lending-110.tejomaya.internal:443,tls_key_exchange,ECDHE,256,TLSv1.3,production,Lending,lending-eng@tejomaya.example,2024-10-28,2026-10-28,lending subsystem
web-atm-146 tls certificate,web-atm-146.tejomaya.internal:443,tls_certificate,ECDSA,256,TLSv1.3,dr,ATM Estate,atm-engineering@tejomaya.example,2026-01-04,2027-02-06,atm subsystem
rpt-npci-199 tls certificate,rpt-npci-199.tejomaya.internal:443,tls_certificate,RSA,2048,TLSv1.2,dr,Payments,payments-platform@tejomaya.example,2025-07-15,2026-08-17,npci subsystem
db-corebank-016 tls cipher suite,db-corebank-016.tejomaya.internal:443,tls_cipher_suite,TLS_ECDHE_RSA_WITH_AES_256_GCM_SHA384,256,TLSv1.2,production,Core Banking,corebank-ops@tejomaya.example,2025-08-28,2027-08-28,corebank subsystem
web-npci-140 tls key exchange,web-npci-140.tejomaya.internal:443,tls_key_exchange,ECDHE,256,TLSv1.3,production,Payments,payments-platform@tejomaya.example,2025-06-18,2027-06-18,npci subsystem
auth-infra-094 tls cipher suite,auth-infra-094.tejomaya.internal:443,tls_cipher_suite,TLS_ECDHE_RSA_WITH_AES_256_GCM_SHA384,256,TLSv1.2,production,Infrastructure,platform-team@tejomaya.example,2025-07-10,2027-07-10,infra subsystem
portal-treasury-093 database tls,portal-treasury-093.tejomaya.internal:443,database_tls,AES,256,,production,Treasury,,2026-02-02,2028-02-02,treasury subsystem
ATM Estate IPsec tunnel 230,vpn-atm-230.tejomaya.internal,vpn_ipsec,DH,2048,,staging,ATM Estate,,2025-12-14,2027-12-14,atm subsystem
portal-pki-137 tls key exchange,portal-pki-137.tejomaya.internal:443,tls_key_exchange,X25519,256,TLSv1.3,production,PKI,,2026-04-13,2028-04-12,pki subsystem
int-cards-196 tls key exchange,int-cards-196.tejomaya.internal:443,tls_key_exchange,ECDHE,256,TLSv1.3,staging,Cards,cards-engineering@tejomaya.example,2025-08-11,2027-08-11,cards subsystem
svc-lending-206 tls certificate,svc-lending-206.tejomaya.internal:443,tls_certificate,RSA,2048,TLSv1.2,production,Lending,lending-eng@tejomaya.example,2025-05-24,2026-06-26,lending subsystem
Infrastructure IPsec tunnel 97,vpn-infra-97.tejomaya.internal,vpn_ipsec,DH,2048,,staging,Infrastructure,platform-team@tejomaya.example,2026-08-22,2028-08-21,infra subsystem
auth-cards-031 tls key exchange,auth-cards-031.tejomaya.internal:443,tls_key_exchange,X25519,256,TLSv1.3,production,Cards,cards-engineering@tejomaya.example,2025-07-06,2027-07-06,cards subsystem
notify-treasury-076 tls cipher suite,notify-treasury-076.tejomaya.internal:443,tls_cipher_suite,TLS_ECDHE_RSA_WITH_AES_256_GCM_SHA384,256,TLSv1.2,production,Treasury,treasury-tech@tejomaya.example,2026-06-24,2028-06-23,treasury subsystem
edge-infra-110 tls key exchange,edge-infra-110.tejomaya.internal:443,tls_key_exchange,ECDHE,256,TLSv1.3,production,Infrastructure,platform-team@tejomaya.example,2025-06-13,2027-06-13,infra subsystem
sso-infra-127 tls certificate,sso-infra-127.tejomaya.internal:443,tls_certificate,RSA,2048,TLSv1.2,production,Infrastructure,platform-team@tejomaya.example,2025-12-31,2027-02-02,infra subsystem
api-lending-011 tls key exchange,api-lending-011.tejomaya.internal:443,tls_key_exchange,ECDHE,256,TLSv1.3,production,Lending,lending-eng@tejomaya.example,2025-09-08,2027-09-08,lending subsystem
rpt-channels-099 tls certificate,rpt-channels-099.tejomaya.internal:443,tls_certificate,RSA,2048,TLSv1.2,production,Digital Channels,identity-team@tejomaya.example,2026-01-31,2027-03-05,channels subsystem
portal-cards-236 tls key exchange,portal-cards-236.tejomaya.internal:443,tls_key_exchange,ECDHE,256,TLSv1.3,production,Cards,cards-engineering@tejomaya.example,2025-12-17,2027-12-17,cards subsystem
admin-npci-029 tls certificate,admin-npci-029.tejomaya.internal:443,tls_certificate,RSA,2048,TLSv1.2,dr,Payments,payments-platform@tejomaya.example,2025-12-15,2027-01-17,npci subsystem
Digital Channels token signing key 65,/opt/idp/channels-jwt-signing-65.pem,token_signing,RSA,2048,,production,Digital Channels,identity-team@tejomaya.example,2025-07-29,2027-07-29,channels subsystem
Cards token signing key 87,/opt/idp/cards-jwt-signing-87.pem,token_signing,RSA,2048,,production,Cards,cards-engineering@tejomaya.example,2026-01-02,2028-01-02,cards subsystem
rpt-cards-051 tls certificate,rpt-cards-051.tejomaya.internal:443,tls_certificate,RSA,2048,TLSv1.2,production,Cards,cards-engineering@tejomaya.example,2026-05-21,2027-06-23,cards subsystem
Lending token signing key 144,/opt/idp/lending-jwt-signing-144.pem,token_signing,RSA,2048,,dr,Lending,lending-eng@tejomaya.example,2026-07-02,2028-07-01,lending subsystem
etl-pki-042 tls certificate,etl-pki-042.tejomaya.internal:443,tls_certificate,RSA,2048,TLSv1.2,production,PKI,pki-team@tejomaya.example,2026-01-26,2027-02-28,pki subsystem
db-cards-036 tls key exchange,db-cards-036.tejomaya.internal:443,tls_key_exchange,ECDHE,256,TLSv1.3,production,Cards,cards-engineering@tejomaya.example,2025-07-19,2027-07-19,cards subsystem
Payments device identity 218,npci-fleet-218.tejomaya.internal,device_identity,ECDSA,256,,production,Payments,payments-platform@tejomaya.example,2023-09-18,2031-09-16,npci subsystem
sso-npci-064 tls key exchange,sso-npci-064.tejomaya.internal:443,tls_key_exchange,ECDHE,256,TLSv1.3,staging,Payments,payments-platform@tejomaya.example,2024-10-21,2026-10-21,npci subsystem
batch-pki-045 tls certificate,batch-pki-045.tejomaya.internal:443,tls_certificate,RSA,2048,TLSv1.2,dr,PKI,pki-team@tejomaya.example,2026-06-01,2027-07-04,pki subsystem
rpt-lending-067 tls certificate,rpt-lending-067.tejomaya.internal:443,tls_certificate,RSA,2048,TLSv1.2,production,Lending,,2026-08-10,2027-09-12,lending subsystem
Lending source call site 106,services/lending/batch_handler.py:238,source,MD5,128,,production,Lending,lending-eng@tejomaya.example,2026-08-18,2028-08-17,lending subsystem
Infrastructure backup key 188,/opt/backup/infra-archive-188.key,backup_encryption,3DES,168,,production,Infrastructure,platform-team@tejomaya.example,2025-02-26,2027-02-26,infra subsystem
api-infra-099 database tls,api-infra-099.tejomaya.internal:443,database_tls,AES,256,,production,Infrastructure,platform-team@tejomaya.example,2026-08-03,2028-08-02,infra subsystem
api-corebank-229 tls certificate,api-corebank-229.tejomaya.internal:443,tls_certificate,ECDSA,256,TLSv1.3,production,Core Banking,corebank-ops@tejomaya.example,2026-06-06,2027-07-09,corebank subsystem
Payments IPsec tunnel 60,vpn-upi-60.tejomaya.internal,vpn_ipsec,DH,2048,,dr,Payments,payments-platform@tejomaya.example,2026-03-16,2028-03-15,upi subsystem
portal-cards-213 database tls,portal-cards-213.tejomaya.internal:443,database_tls,AES,256,,dr,Cards,cards-engineering@tejomaya.example,2026-06-20,2028-06-19,cards subsystem
Digital Channels IPsec tunnel 32,vpn-channels-32.tejomaya.internal,vpn_ipsec,DH,2048,,production,Digital Channels,identity-team@tejomaya.example,2024-10-07,2026-10-07,channels subsystem
ATM Estate IPsec tunnel 23,vpn-atm-23.tejomaya.internal,vpn_ipsec,DH,2048,,production,ATM Estate,atm-engineering@tejomaya.example,2026-06-06,2028-06-05,atm subsystem
int-channels-013 tls certificate,int-channels-013.tejomaya.internal:443,tls_certificate,ECDSA,256,TLSv1.3,staging,Digital Channels,identity-team@tejomaya.example,2026-03-26,2027-04-28,channels subsystem
PKI release signing key 08,/opt/ci/pki-release-signing-08.pem,code_signing,RSA,3072,,production,PKI,pki-team@tejomaya.example,2024-11-23,2027-11-23,pki subsystem
etl-treasury-146 tls cipher suite,etl-treasury-146.tejomaya.internal:443,tls_cipher_suite,TLS_ECDHE_RSA_WITH_AES_256_GCM_SHA384,256,TLSv1.2,production,Treasury,,2025-04-06,2027-04-06,treasury subsystem
Core Banking IPsec tunnel 237,vpn-corebank-237.tejomaya.internal,vpn_ipsec,DH,2048,,dr,Core Banking,corebank-ops@tejomaya.example,2025-04-09,2027-04-09,corebank subsystem
auth-atm-190 tls key exchange,auth-atm-190.tejomaya.internal:443,tls_key_exchange,ECDHE,256,TLSv1.3,production,ATM Estate,atm-engineering@tejomaya.example,2025-02-08,2027-02-08,atm subsystem
api-npci-039 tls certificate,api-npci-039.tejomaya.internal:443,tls_certificate,ECDSA,256,TLSv1.3,production,Payments,,2026-03-09,2027-04-11,npci subsystem
cache-npci-201 tls certificate,cache-npci-201.tejomaya.internal:443,tls_certificate,RSA,2048,TLSv1.2,production,Payments,payments-platform@tejomaya.example,2026-05-01,2027-06-03,npci subsystem
cache-npci-126 tls certificate,cache-npci-126.tejomaya.internal:443,tls_certificate,ECDSA,256,TLSv1.3,production,Payments,,2026-08-16,2027-09-18,npci subsystem
api-infra-052 tls certificate,api-infra-052.tejomaya.internal:443,tls_certificate,RSA,2048,TLSv1.2,production,Infrastructure,platform-team@tejomaya.example,2026-05-27,2027-06-29,infra subsystem
svc-cards-052 tls cipher suite,svc-cards-052.tejomaya.internal:443,tls_cipher_suite,TLS_ECDHE_RSA_WITH_AES_256_GCM_SHA384,256,TLSv1.2,production,Cards,cards-engineering@tejomaya.example,2025-02-06,2027-02-06,cards subsystem
ATM Estate IPsec tunnel 199,vpn-atm-199.tejomaya.internal,vpn_ipsec,DH,2048,,production,ATM Estate,atm-engineering@tejomaya.example,2025-05-25,2027-05-25,atm subsystem
rpt-infra-118 tls certificate,rpt-infra-118.tejomaya.internal:443,tls_certificate,RSA,2048,TLSv1.2,production,Infrastructure,platform-team@tejomaya.example,2026-06-16,2027-07-19,infra subsystem
etl-npci-076 tls certificate,etl-npci-076.tejomaya.internal:443,tls_certificate,ECDSA,256,TLSv1.3,production,Payments,,2025-06-08,2026-07-11,npci subsystem
sso-channels-176 tls key exchange,sso-channels-176.tejomaya.internal:443,tls_key_exchange,X25519,256,TLSv1.3,dr,Digital Channels,identity-team@tejomaya.example,2026-05-25,2028-05-24,channels subsystem
db-corebank-108 tls certificate,db-corebank-108.tejomaya.internal:443,tls_certificate,RSA,2048,TLSv1.2,production,Core Banking,corebank-ops@tejomaya.example,2026-01-26,2027-02-28,corebank subsystem
notify-infra-196 tls certificate,notify-infra-196.tejomaya.internal:443,tls_certificate,ECDSA,256,TLSv1.3,production,Infrastructure,platform-team@tejomaya.example,2026-01-12,2027-02-14,infra subsystem
web-npci-078 tls certificate,web-npci-078.tejomaya.internal:443,tls_certificate,ECDSA,256,TLSv1.3,dr,Payments,payments-platform@tejomaya.example,2026-06-18,2027-07-21,npci subsystem
mq-npci-172 tls certificate,mq-npci-172.tejomaya.internal:443,tls_certificate,ECDSA,256,TLSv1.3,production,Payments,payments-platform@tejomaya.example,2026-03-06,2027-04-08,npci subsystem
api-pki-232 tls key exchange,api-pki-232.tejomaya.internal:443,tls_key_exchange,ECDHE,256,TLSv1.3,production,PKI,pki-team@tejomaya.example,2025-12-05,2027-12-05,pki subsystem
notify-treasury-187 tls certificate,notify-treasury-187.tejomaya.internal:443,tls_certificate,RSA,2048,TLSv1.2,dr,Treasury,treasury-tech@tejomaya.example,2026-07-16,2027-08-18,treasury subsystem
SSH host key rpt-226,/etc/ssh/ssh_host_key_rpt-226,ssh_key,RSA,2048,,staging,Lending,,2024-11-16,2026-11-16,lending subsystem
rpt-atm-138 database tls,rpt-atm-138.tejomaya.internal:443,database_tls,AES,256,,production,ATM Estate,,2025-04-06,2027-04-06,atm subsystem
int-npci-197 tls certificate,int-npci-197.tejomaya.internal:443,tls_certificate,RSA,2048,TLSv1.2,production,Payments,payments-platform@tejomaya.example,2026-01-18,2027-02-20,npci subsystem
etl-npci-195 tls cipher suite,etl-npci-195.tejomaya.internal:443,tls_cipher_suite,TLS_ECDHE_RSA_WITH_AES_256_GCM_SHA384,256,TLSv1.2,staging,Payments,payments-platform@tejomaya.example,2026-03-10,2028-03-09,npci subsystem
edge-upi-007 tls certificate,edge-upi-007.tejomaya.internal:443,tls_certificate,RSA,2048,TLSv1.2,production,Payments,payments-platform@tejomaya.example,2026-05-04,2027-06-06,upi subsystem
svc-pki-191 config,svc-pki-191.tejomaya.internal:443,config,3DES,168,TLSv1.0,staging,PKI,pki-team@tejomaya.example,2025-01-15,2027-01-15,pki subsystem
Lending backup key 229,/opt/backup/lending-archive-229.key,backup_encryption,AES,256,,production,Lending,lending-eng@tejomaya.example,2026-01-24,2028-01-24,lending subsystem
int-npci-099 tls certificate,int-npci-099.tejomaya.internal:443,tls_certificate,RSA,2048,TLSv1.2,staging,Payments,payments-platform@tejomaya.example,2026-04-16,2027-05-19,npci subsystem
SSH host key batch-234,/etc/ssh/ssh_host_key_batch-234,ssh_key,RSA,2048,,production,Payments,payments-platform@tejomaya.example,2026-03-17,2028-03-16,npci subsystem
batch-treasury-165 tls certificate,batch-treasury-165.tejomaya.internal:443,tls_certificate,RSA,2048,TLSv1.2,dr,Treasury,treasury-tech@tejomaya.example,2026-05-29,2027-07-01,treasury subsystem
notify-atm-157 tls cipher suite,notify-atm-157.tejomaya.internal:443,tls_cipher_suite,TLS_ECDHE_RSA_WITH_AES_256_GCM_SHA384,256,TLSv1.2,dr,ATM Estate,atm-engineering@tejomaya.example,2024-08-25,2026-08-25,atm subsystem
SSH host key web-035,/etc/ssh/ssh_host_key_web-035,ssh_key,RSA,2048,,dr,ATM Estate,,2025-11-21,2027-11-21,atm subsystem
sso-cards-007 tls certificate,sso-cards-007.tejomaya.internal:443,tls_certificate,ECDSA,256,TLSv1.3,production,Cards,cards-engineering@tejomaya.example,2026-07-31,2027-09-02,cards subsystem
rpt-channels-089 database tls,rpt-channels-089.tejomaya.internal:443,database_tls,AES,256,,production,Digital Channels,identity-team@tejomaya.example,2025-01-21,2027-01-21,channels subsystem
auth-lending-028 tls certificate,auth-lending-028.tejomaya.internal:443,tls_certificate,RSA,2048,TLSv1.2,production,Lending,lending-eng@tejomaya.example,2026-02-21,2027-03-26,lending subsystem
db-upi-206 tls cipher suite,db-upi-206.tejomaya.internal:443,tls_cipher_suite,TLS_ECDHE_RSA_WITH_AES_256_GCM_SHA384,256,TLSv1.2,staging,Payments,payments-platform@tejomaya.example,2025-05-13,2027-05-13,upi subsystem
batch-cards-190 tls certificate,batch-cards-190.tejomaya.internal:443,tls_certificate,RSA,2048,TLSv1.2,staging,Cards,,2025-07-28,2026-08-30,cards subsystem
Payments backup key 183,/opt/backup/npci-archive-183.key,backup_encryption,AES,256,,production,Payments,,2026-02-20,2028-02-20,npci subsystem
Cards device identity 058,cards-fleet-058.tejomaya.internal,device_identity,ECDSA,256,,staging,Cards,cards-engineering@tejomaya.example,2025-05-11,2033-05-09,cards subsystem
Payment HSM key 132,hsm://payment-hsm-06/slot0/key,payment_hsm,RSA,2048,,production,Infrastructure,platform-team@tejomaya.example,2025-05-25,2027-05-25,infra subsystem
admin-corebank-194 tls certificate,admin-corebank-194.tejomaya.internal:443,tls_certificate,ECDSA,256,TLSv1.3,production,Core Banking,corebank-ops@tejomaya.example,2026-07-20,2027-08-22,corebank subsystem
auth-channels-223 tls certificate,auth-channels-223.tejomaya.internal:443,tls_certificate,ECDSA,256,TLSv1.3,production,Digital Channels,identity-team@tejomaya.example,2026-05-05,2027-06-07,channels subsystem
etl-treasury-063 tls key exchange,etl-treasury-063.tejomaya.internal:443,tls_key_exchange,ECDHE,256,TLSv1.3,production,Treasury,,2026-08-10,2028-08-09,treasury subsystem
edge-corebank-167 tls certificate,edge-corebank-167.tejomaya.internal:443,tls_certificate,RSA,2048,TLSv1.2,staging,Core Banking,corebank-ops@tejomaya.example,2026-01-30,2027-03-04,corebank subsystem
gw-corebank-237 tls cipher suite,gw-corebank-237.tejomaya.internal:443,tls_cipher_suite,TLS_ECDHE_RSA_WITH_AES_256_GCM_SHA384,256,TLSv1.2,staging,Core Banking,corebank-ops@tejomaya.example,2026-05-21,2028-05-20,corebank subsystem
etl-atm-227 tls key exchange,etl-atm-227.tejomaya.internal:443,tls_key_exchange,X25519,256,TLSv1.3,dr,ATM Estate,,2024-09-14,2026-09-14,atm subsystem
Cards source call site 157,services/cards/auth_handler.py:43,source,SHA-1,160,,production,Cards,cards-engineering@tejomaya.example,2026-07-02,2028-07-01,cards subsystem
api-treasury-210 tls certificate,api-treasury-210.tejomaya.internal:443,tls_certificate,RSA,2048,TLSv1.2,production,Treasury,treasury-tech@tejomaya.example,2025-09-28,2026-10-31,treasury subsystem
edge-atm-102 tls cipher suite,edge-atm-102.tejomaya.internal:443,tls_cipher_suite,TLS_ECDHE_RSA_WITH_AES_256_GCM_SHA384,256,TLSv1.2,production,ATM Estate,atm-engineering@tejomaya.example,2025-10-07,2027-10-07,atm subsystem
auth-corebank-144 tls key exchange,auth-corebank-144.tejomaya.internal:443,tls_key_exchange,ECDHE,256,TLSv1.3,production,Core Banking,corebank-ops@tejomaya.example,2026-01-20,2028-01-20,corebank subsystem
batch-infra-091 tls key exchange,batch-infra-091.tejomaya.internal:443,tls_key_exchange,ECDHE,256,TLSv1.3,production,Infrastructure,platform-team@tejomaya.example,2026-01-01,2028-01-01,infra subsystem
portal-atm-173 database tls,portal-atm-173.tejomaya.internal:443,database_tls,AES,256,,staging,ATM Estate,atm-engineering@tejomaya.example,2025-11-19,2027-11-19,atm subsystem
app-npci-194 tls key exchange,app-npci-194.tejomaya.internal:443,tls_key_exchange,ECDHE,256,TLSv1.3,staging,Payments,payments-platform@tejomaya.example,2025-05-08,2027-05-08,npci subsystem
auth-npci-031 tls cipher suite,auth-npci-031.tejomaya.internal:443,tls_cipher_suite,TLS_ECDHE_RSA_WITH_AES_256_GCM_SHA384,256,TLSv1.2,production,Payments,payments-platform@tejomaya.example,2025-01-01,2027-01-01,npci subsystem
portal-channels-223 database tls,portal-channels-223.tejomaya.internal:443,database_tls,AES,256,,dr,Digital Channels,identity-team@tejomaya.example,2025-04-26,2027-04-26,channels subsystem
Treasury backup key 133,/opt/backup/treasury-archive-133.key,backup_encryption,AES,256,,staging,Treasury,treasury-tech@tejomaya.example,2026-08-09,2028-08-08,treasury subsystem
app-infra-113 tls certificate,app-infra-113.tejomaya.internal:443,tls_certificate,RSA,2048,TLSv1.2,staging,Infrastructure,platform-team@tejomaya.example,2025-12-09,2027-01-11,infra subsystem
int-channels-027 database tls,int-channels-027.tejomaya.internal:443,database_tls,AES,256,,dr,Digital Channels,identity-team@tejomaya.example,2025-10-13,2027-10-13,channels subsystem
app-npci-095 tls certificate,app-npci-095.tejomaya.internal:443,tls_certificate,ECDSA,256,TLSv1.3,production,Payments,payments-platform@tejomaya.example,2026-02-02,2027-03-07,npci subsystem
gw-infra-193 tls cipher suite,gw-infra-193.tejomaya.internal:443,tls_cipher_suite,TLS_ECDHE_RSA_WITH_AES_256_GCM_SHA384,256,TLSv1.2,production,Infrastructure,platform-team@tejomaya.example,2026-07-15,2028-07-14,infra subsystem
Lending IPsec tunnel 225,vpn-lending-225.tejomaya.internal,vpn_ipsec,DH,2048,,production,Lending,lending-eng@tejomaya.example,2024-10-20,2026-10-20,lending subsystem
etl-atm-065 tls key exchange,etl-atm-065.tejomaya.internal:443,tls_key_exchange,X25519,256,TLSv1.3,production,ATM Estate,,2026-08-02,2028-08-01,atm subsystem
batch-lending-024 tls key exchange,batch-lending-024.tejomaya.internal:443,tls_key_exchange,X25519,256,TLSv1.3,staging,Lending,lending-eng@tejomaya.example,2026-05-23,2028-05-22,lending subsystem
portal-channels-135 tls key exchange,portal-channels-135.tejomaya.internal:443,tls_key_exchange,X25519,256,TLSv1.3,production,Digital Channels,identity-team@tejomaya.example,2025-04-20,2027-04-20,channels subsystem
rpt-npci-085 tls key exchange,rpt-npci-085.tejomaya.internal:443,tls_key_exchange,ECDHE,256,TLSv1.3,production,Payments,payments-platform@tejomaya.example,2026-04-29,2028-04-28,npci subsystem
sso-infra-161 tls key exchange,sso-infra-161.tejomaya.internal:443,tls_key_exchange,ECDHE,256,TLSv1.3,dr,Infrastructure,platform-team@tejomaya.example,2026-06-04,2028-06-03,infra subsystem
mq-channels-193 tls certificate,mq-channels-193.tejomaya.internal:443,tls_certificate,RSA,2048,TLSv1.2,production,Digital Channels,identity-team@tejomaya.example,2026-04-16,2027-05-19,channels subsystem
mq-npci-155 tls key exchange,mq-npci-155.tejomaya.internal:443,tls_key_exchange,ECDHE,256,TLSv1.3,staging,Payments,payments-platform@tejomaya.example,2026-07-29,2028-07-28,npci subsystem
rpt-npci-169 tls certificate,rpt-npci-169.tejomaya.internal:443,tls_certificate,RSA,2048,TLSv1.2,production,Payments,payments-platform@tejomaya.example,2026-04-01,2027-05-04,npci subsystem
db-pki-230 tls key exchange,db-pki-230.tejomaya.internal:443,tls_key_exchange,ECDHE,256,TLSv1.3,production,PKI,pki-team@tejomaya.example,2025-06-01,2027-06-01,pki subsystem
notify-pki-038 database tls,notify-pki-038.tejomaya.internal:443,database_tls,AES,256,,dr,PKI,pki-team@tejomaya.example,2026-04-04,2028-04-03,pki subsystem
mq-cards-026 tls certificate,mq-cards-026.tejomaya.internal:443,tls_certificate,RSA,2048,TLSv1.2,dr,Cards,cards-engineering@tejomaya.example,2025-09-01,2026-10-04,cards subsystem
SSH host key admin-170,/etc/ssh/ssh_host_key_admin-170,ssh_key,RSA,2048,,staging,Payments,,2025-05-13,2027-05-13,npci subsystem
app-channels-057 tls key exchange,app-channels-057.tejomaya.internal:443,tls_key_exchange,ECDHE,256,TLSv1.3,dr,Digital Channels,identity-team@tejomaya.example,2025-11-24,2027-11-24,channels subsystem
PKI IPsec tunnel 156,vpn-pki-156.tejomaya.internal,vpn_ipsec,DH,2048,,production,PKI,pki-team@tejomaya.example,2024-08-12,2026-08-12,pki subsystem
db-upi-188 tls certificate,db-upi-188.tejomaya.internal:443,tls_certificate,ECDSA,256,TLSv1.3,production,Payments,payments-platform@tejomaya.example,2025-12-21,2027-01-23,upi subsystem
api-cards-233 tls certificate,api-cards-233.tejomaya.internal:443,tls_certificate,ECDSA,256,TLSv1.3,production,Cards,cards-engineering@tejomaya.example,2026-01-09,2027-02-11,cards subsystem
int-pki-217 tls certificate,int-pki-217.tejomaya.internal:443,tls_certificate,RSA,2048,TLSv1.2,production,PKI,pki-team@tejomaya.example,2026-06-29,2027-08-01,pki subsystem
cache-treasury-107 tls certificate,cache-treasury-107.tejomaya.internal:443,tls_certificate,RSA,2048,TLSv1.2,production,Treasury,treasury-tech@tejomaya.example,2025-09-14,2026-10-17,treasury subsystem
SSH host key portal-040,/etc/ssh/ssh_host_key_portal-040,ssh_key,RSA,2048,,dr,Cards,cards-engineering@tejomaya.example,2025-01-19,2027-01-19,cards subsystem
int-infra-225 tls certificate,int-infra-225.tejomaya.internal:443,tls_certificate,ECDSA,256,TLSv1.3,production,Infrastructure,platform-team@tejomaya.example,2026-03-18,2027-04-20,infra subsystem
SSH host key sso-187,/etc/ssh/ssh_host_key_sso-187,ssh_key,RSA,2048,,production,Core Banking,corebank-ops@tejomaya.example,2026-04-01,2028-03-31,corebank subsystem
sso-cards-165 tls key exchange,sso-cards-165.tejomaya.internal:443,tls_key_exchange,ECDHE,256,TLSv1.3,production,Cards,cards-engineering@tejomaya.example,2024-08-17,2026-08-17,cards subsystem
web-channels-041 config,web-channels-041.tejomaya.internal:443,config,TLS_RSA_WITH_AES_128_CBC_SHA256,128,TLSv1.2,production,Digital Channels,identity-team@tejomaya.example,2026-02-01,2028-02-01,channels subsystem
Cards IPsec tunnel 199,vpn-cards-199.tejomaya.internal,vpn_ipsec,DH,2048,,dr,Cards,cards-engineering@tejomaya.example,2025-08-15,2027-08-15,cards subsystem
mq-lending-070 tls certificate,mq-lending-070.tejomaya.internal:443,tls_certificate,RSA,2048,TLSv1.2,production,Lending,lending-eng@tejomaya.example,2025-12-04,2027-01-06,lending subsystem
notify-cards-139 config,notify-cards-139.tejomaya.internal:443,config,TLS_RSA_WITH_AES_128_CBC_SHA256,128,TLSv1.2,production,Cards,cards-engineering@tejomaya.example,2025-12-16,2027-12-16,cards subsystem
SSH host key app-031,/etc/ssh/ssh_host_key_app-031,ssh_key,RSA,2048,,dr,Payments,payments-platform@tejomaya.example,2024-08-23,2026-08-23,upi subsystem
portal-treasury-144 tls certificate,portal-treasury-144.tejomaya.internal:443,tls_certificate,RSA,2048,TLSv1.2,production,Treasury,treasury-tech@tejomaya.example,2025-08-02,2026-09-04,treasury subsystem
notify-upi-224 tls cipher suite,notify-upi-224.tejomaya.internal:443,tls_cipher_suite,TLS_ECDHE_RSA_WITH_AES_256_GCM_SHA384,256,TLSv1.2,production,Payments,payments-platform@tejomaya.example,2025-11-27,2027-11-27,upi subsystem
auth-channels-036 tls certificate,auth-channels-036.tejomaya.internal:443,tls_certificate,ECDSA,256,TLSv1.3,staging,Digital Channels,,2026-05-19,2027-06-21,channels subsystem
notify-cards-131 tls certificate,notify-cards-131.tejomaya.internal:443,tls_certificate,ECDSA,256,TLSv1.3,dr,Cards,cards-engineering@tejomaya.example,2026-07-25,2027-08-27,cards subsystem
etl-lending-219 tls key exchange,etl-lending-219.tejomaya.internal:443,tls_key_exchange,X25519MLKEM768,256,TLSv1.3,production,Lending,lending-eng@tejomaya.example,2024-07-22,2026-07-22,lending subsystem
batch-channels-089 tls certificate,batch-channels-089.tejomaya.internal:443,tls_certificate,RSA,2048,TLSv1.2,production,Digital Channels,identity-team@tejomaya.example,2025-11-25,2026-12-28,channels subsystem
Digital Channels backup key 078,/opt/backup/channels-archive-078.key,backup_encryption,AES,256,,production,Digital Channels,identity-team@tejomaya.example,2025-12-09,2027-12-09,channels subsystem
db-corebank-079 tls key exchange,db-corebank-079.tejomaya.internal:443,tls_key_exchange,ECDHE,256,TLSv1.3,production,Core Banking,corebank-ops@tejomaya.example,2025-01-28,2027-01-28,corebank subsystem
notify-upi-178 tls key exchange,notify-upi-178.tejomaya.internal:443,tls_key_exchange,ECDHE,256,TLSv1.3,production,Payments,,2025-10-23,2027-10-23,upi subsystem
sso-pki-104 tls key exchange,sso-pki-104.tejomaya.internal:443,tls_key_exchange,ECDHE,256,TLSv1.3,production,PKI,pki-team@tejomaya.example,2026-02-08,2028-02-08,pki subsystem
Payment HSM key 192,hsm://payment-hsm-03/slot0/key,payment_hsm,RSA,2048,,production,Lending,lending-eng@tejomaya.example,2025-07-31,2027-07-31,lending subsystem
sso-lending-126 tls certificate,sso-lending-126.tejomaya.internal:443,tls_certificate,ECDSA,256,TLSv1.3,production,Lending,lending-eng@tejomaya.example,2025-11-30,2027-01-02,lending subsystem
app-npci-234 tls certificate,app-npci-234.tejomaya.internal:443,tls_certificate,RSA,2048,TLSv1.2,dr,Payments,,2025-12-28,2027-01-30,npci subsystem
batch-npci-032 tls cipher suite,batch-npci-032.tejomaya.internal:443,tls_cipher_suite,TLS_ECDHE_RSA_WITH_AES_256_GCM_SHA384,256,TLSv1.2,production,Payments,payments-platform@tejomaya.example,2025-03-25,2027-03-25,npci subsystem
int-pki-128 tls certificate,int-pki-128.tejomaya.internal:443,tls_certificate,ECDSA,256,TLSv1.3,production,PKI,pki-team@tejomaya.example,2026-04-18,2027-05-21,pki subsystem
int-treasury-086 database tls,int-treasury-086.tejomaya.internal:443,database_tls,AES,256,,production,Treasury,treasury-tech@tejomaya.example,2024-10-18,2026-10-18,treasury subsystem
edge-upi-079 tls key exchange,edge-upi-079.tejomaya.internal:443,tls_key_exchange,ECDHE,256,TLSv1.3,staging,Payments,payments-platform@tejomaya.example,2026-03-13,2028-03-12,upi subsystem
admin-infra-006 tls certificate,admin-infra-006.tejomaya.internal:443,tls_certificate,ECDSA,256,TLSv1.3,production,Infrastructure,platform-team@tejomaya.example,2026-01-26,2027-02-28,infra subsystem
SSH host key auth-108,/etc/ssh/ssh_host_key_auth-108,ssh_key,RSA,2048,,production,ATM Estate,atm-engineering@tejomaya.example,2026-06-29,2028-06-28,atm subsystem
SSH host key batch-073,/etc/ssh/ssh_host_key_batch-073,ssh_key,RSA,2048,,dr,Digital Channels,,2025-05-16,2027-05-16,channels subsystem
web-atm-205 tls certificate,web-atm-205.tejomaya.internal:443,tls_certificate,RSA,2048,TLSv1.2,production,ATM Estate,atm-engineering@tejomaya.example,2026-04-15,2027-05-18,atm subsystem
edge-atm-147 tls certificate,edge-atm-147.tejomaya.internal:443,tls_certificate,RSA,2048,TLSv1.2,dr,ATM Estate,atm-engineering@tejomaya.example,2026-02-11,2027-03-16,atm subsystem
portal-cards-141 tls cipher suite,portal-cards-141.tejomaya.internal:443,tls_cipher_suite,TLS_ECDHE_RSA_WITH_AES_256_GCM_SHA384,256,TLSv1.2,production,Cards,cards-engineering@tejomaya.example,2026-03-27,2028-03-26,cards subsystem
int-infra-202 tls key exchange,int-infra-202.tejomaya.internal:443,tls_key_exchange,ECDHE,256,TLSv1.3,dr,Infrastructure,platform-team@tejomaya.example,2025-03-08,2027-03-08,infra subsystem
cache-atm-105 tls certificate,cache-atm-105.tejomaya.internal:443,tls_certificate,ECDSA,256,TLSv1.3,production,ATM Estate,atm-engineering@tejomaya.example,2026-08-19,2027-09-21,atm subsystem
portal-infra-043 tls certificate,portal-infra-043.tejomaya.internal:443,tls_certificate,RSA,2048,TLSv1.2,production,Infrastructure,platform-team@tejomaya.example,2026-06-20,2027-07-23,infra subsystem
edge-npci-223 tls cipher suite,edge-npci-223.tejomaya.internal:443,tls_cipher_suite,TLS_ECDHE_RSA_WITH_AES_256_GCM_SHA384,256,TLSv1.2,production,Payments,payments-platform@tejomaya.example,2025-11-22,2027-11-22,npci subsystem
db-channels-049 tls certificate,db-channels-049.tejomaya.internal:443,tls_certificate,ECDSA,256,TLSv1.3,staging,Digital Channels,identity-team@tejomaya.example,2026-04-06,2027-05-09,channels subsystem
db-infra-180 tls certificate,db-infra-180.tejomaya.internal:443,tls_certificate,RSA,2048,TLSv1.2,dr,Infrastructure,platform-team@tejomaya.example,2026-03-17,2027-04-19,infra subsystem
mq-corebank-036 config,mq-corebank-036.tejomaya.internal:443,config,TLS_RSA_WITH_AES_128_CBC_SHA256,128,TLSv1.2,production,Core Banking,corebank-ops@tejomaya.example,2024-12-29,2026-12-29,corebank subsystem
portal-pki-193 tls cipher suite,portal-pki-193.tejomaya.internal:443,tls_cipher_suite,TLS_ECDHE_RSA_WITH_AES_256_GCM_SHA384,256,TLSv1.2,dr,PKI,pki-team@tejomaya.example,2025-01-21,2027-01-21,pki subsystem
mq-cards-067 config,mq-cards-067.tejomaya.internal:443,config,TLS_RSA_WITH_AES_128_CBC_SHA256,128,TLSv1.2,staging,Cards,cards-engineering@tejomaya.example,2025-07-05,2027-07-05,cards subsystem
etl-corebank-077 tls certificate,etl-corebank-077.tejomaya.internal:443,tls_certificate,RSA,2048,TLSv1.2,staging,Core Banking,,2026-04-13,2027-05-16,corebank subsystem
gw-cards-052 tls certificate,gw-cards-052.tejomaya.internal:443,tls_certificate,ECDSA,256,TLSv1.3,production,Cards,cards-engineering@tejomaya.example,2026-07-31,2027-09-02,cards subsystem
app-corebank-064 config,app-corebank-064.tejomaya.internal:443,config,TLS_RSA_WITH_AES_128_CBC_SHA256,128,TLSv1.2,staging,Core Banking,corebank-ops@tejomaya.example,2025-03-24,2027-03-24,corebank subsystem
batch-channels-151 tls cipher suite,batch-channels-151.tejomaya.internal:443,tls_cipher_suite,TLS_ECDHE_RSA_WITH_AES_256_GCM_SHA384,256,TLSv1.2,production,Digital Channels,identity-team@tejomaya.example,2025-02-13,2027-02-13,channels subsystem
SSH host key mq-175,/etc/ssh/ssh_host_key_mq-175,ssh_key,RSA,2048,,production,Core Banking,,2024-10-26,2026-10-26,corebank subsystem
app-npci-150 tls cipher suite,app-npci-150.tejomaya.internal:443,tls_cipher_suite,TLS_ECDHE_RSA_WITH_AES_256_GCM_SHA384,256,TLSv1.2,production,Payments,payments-platform@tejomaya.example,2026-02-13,2028-02-13,npci subsystem
batch-corebank-112 tls certificate,batch-corebank-112.tejomaya.internal:443,tls_certificate,ECDSA,256,TLSv1.3,production,Core Banking,corebank-ops@tejomaya.example,2026-07-27,2027-08-29,corebank subsystem
Infrastructure device identity 087,infra-fleet-087.tejomaya.internal,device_identity,ECDSA,256,,production,Infrastructure,platform-team@tejomaya.example,2023-05-31,2031-05-29,infra subsystem
etl-cards-031 tls certificate,etl-cards-031.tejomaya.internal:443,tls_certificate,RSA,2048,TLSv1.2,production,Cards,cards-engineering@tejomaya.example,2026-08-20,2027-09-22,cards subsystem
web-pki-229 tls certificate,web-pki-229.tejomaya.internal:443,tls_certificate,ECDSA,256,TLSv1.3,production,PKI,pki-team@tejomaya.example,2026-08-11,2027-09-13,pki subsystem
sso-lending-072 tls certificate,sso-lending-072.tejomaya.internal:443,tls_certificate,RSA,2048,TLSv1.2,production,Lending,lending-eng@tejomaya.example,2026-06-18,2027-07-21,lending subsystem
svc-upi-163 tls certificate,svc-upi-163.tejomaya.internal:443,tls_certificate,RSA,2048,TLSv1.2,staging,Payments,payments-platform@tejomaya.example,2025-10-10,2026-11-12,upi subsystem
etl-cards-017 tls cipher suite,etl-cards-017.tejomaya.internal:443,tls_cipher_suite,TLS_ECDHE_RSA_WITH_AES_256_GCM_SHA384,256,TLSv1.2,production,Cards,cards-engineering@tejomaya.example,2025-09-30,2027-09-30,cards subsystem
batch-channels-054 tls cipher suite,batch-channels-054.tejomaya.internal:443,tls_cipher_suite,TLS_ECDHE_RSA_WITH_AES_256_GCM_SHA384,256,TLSv1.2,staging,Digital Channels,identity-team@tejomaya.example,2026-07-27,2028-07-26,channels subsystem
Payments backup key 128,/opt/backup/npci-archive-128.key,backup_encryption,AES,256,,dr,Payments,,2025-04-21,2027-04-21,npci subsystem
edge-corebank-124 tls key exchange,edge-corebank-124.tejomaya.internal:443,tls_key_exchange,ECDHE,256,TLSv1.3,production,Core Banking,corebank-ops@tejomaya.example,2025-10-17,2027-10-17,corebank subsystem
svc-channels-024 tls key exchange,svc-channels-024.tejomaya.internal:443,tls_key_exchange,ECDHE,256,TLSv1.3,production,Digital Channels,identity-team@tejomaya.example,2026-03-30,2028-03-29,channels subsystem
gw-cards-052 tls cipher suite,gw-cards-052.tejomaya.internal:443,tls_cipher_suite,TLS_ECDHE_RSA_WITH_AES_256_GCM_SHA384,256,TLSv1.2,production,Cards,,2025-04-18,2027-04-18,cards subsystem
admin-corebank-231 tls cipher suite,admin-corebank-231.tejomaya.internal:443,tls_cipher_suite,TLS_ECDHE_RSA_WITH_AES_256_GCM_SHA384,256,TLSv1.2,dr,Core Banking,corebank-ops@tejomaya.example,2025-03-21,2027-03-21,corebank subsystem
notify-lending-118 tls cipher suite,notify-lending-118.tejomaya.internal:443,tls_cipher_suite,TLS_ECDHE_RSA_WITH_AES_256_GCM_SHA384,256,TLSv1.2,production,Lending,lending-eng@tejomaya.example,2025-11-01,2027-11-01,lending subsystem
svc-cards-047 tls certificate,svc-cards-047.tejomaya.internal:443,tls_certificate,RSA,2048,TLSv1.2,production,Cards,,2026-06-05,2027-07-08,cards subsystem
web-npci-144 tls certificate,web-npci-144.tejomaya.internal:443,tls_certificate,ECDSA,256,TLSv1.3,production,Payments,payments-platform@tejomaya.example,2026-06-08,2027-07-11,npci subsystem
mq-channels-012 tls certificate,mq-channels-012.tejomaya.internal:443,tls_certificate,RSA,2048,TLSv1.2,production,Digital Channels,identity-team@tejomaya.example,2025-12-05,2027-01-07,channels subsystem
sso-npci-103 tls certificate,sso-npci-103.tejomaya.internal:443,tls_certificate,ECDSA,256,TLSv1.3,production,Payments,payments-platform@tejomaya.example,2026-03-31,2027-05-03,npci subsystem
sso-treasury-218 tls certificate,sso-treasury-218.tejomaya.internal:443,tls_certificate,RSA,2048,TLSv1.2,production,Treasury,treasury-tech@tejomaya.example,2026-07-09,2027-08-11,treasury subsystem
SSH host key notify-072,/etc/ssh/ssh_host_key_notify-072,ssh_key,RSA,2048,,dr,Lending,lending-eng@tejomaya.example,2025-06-27,2027-06-27,lending subsystem
app-lending-234 tls certificate,app-lending-234.tejomaya.internal:443,tls_certificate,RSA,2048,TLSv1.2,staging,Lending,lending-eng@tejomaya.example,2026-03-19,2027-04-21,lending subsystem
sso-corebank-024 tls key exchange,sso-corebank-024.tejomaya.internal:443,tls_key_exchange,ECDHE,256,TLSv1.3,production,Core Banking,corebank-ops@tejomaya.example,2025-01-29,2027-01-29,corebank subsystem
gw-treasury-134 config,gw-treasury-134.tejomaya.internal:443,config,3DES,168,TLSv1.0,production,Treasury,treasury-tech@tejomaya.example,2025-06-09,2027-06-09,treasury subsystem
batch-treasury-037 tls key exchange,batch-treasury-037.tejomaya.internal:443,tls_key_exchange,X25519,256,TLSv1.3,production,Treasury,,2025-12-08,2027-12-08,treasury subsystem
Payments device identity 209,npci-fleet-209.tejomaya.internal,device_identity,ECDSA,256,,production,Payments,payments-platform@tejomaya.example,2020-03-18,2028-03-16,npci subsystem
edge-npci-002 tls certificate,edge-npci-002.tejomaya.internal:443,tls_certificate,RSA,2048,TLSv1.2,staging,Payments,payments-platform@tejomaya.example,2026-06-27,2027-07-30,npci subsystem
notify-treasury-090 tls certificate,notify-treasury-090.tejomaya.internal:443,tls_certificate,ECDSA,256,TLSv1.3,production,Treasury,treasury-tech@tejomaya.example,2025-11-21,2026-12-24,treasury subsystem
Payments backup key 209,/opt/backup/upi-archive-209.key,backup_encryption,AES,256,,production,Payments,payments-platform@tejomaya.example,2026-07-19,2028-07-18,upi subsystem
notify-cards-030 database tls,notify-cards-030.tejomaya.internal:443,database_tls,AES,256,,production,Cards,cards-engineering@tejomaya.example,2026-06-26,2028-06-25,cards subsystem
Payment HSM key 043,hsm://payment-hsm-07/slot3/key,payment_hsm,RSA,2048,,staging,Lending,,2025-07-13,2027-07-13,lending subsystem
app-treasury-124 tls key exchange,app-treasury-124.tejomaya.internal:443,tls_key_exchange,ECDHE,256,TLSv1.3,staging,Treasury,treasury-tech@tejomaya.example,2025-11-12,2027-11-12,treasury subsystem
sso-cards-223 tls certificate,sso-cards-223.tejomaya.internal:443,tls_certificate,ECDSA,256,TLSv1.3,production,Cards,,2026-02-05,2027-03-10,cards subsystem
etl-atm-213 tls certificate,etl-atm-213.tejomaya.internal:443,tls_certificate,RSA,2048,TLSv1.2,production,ATM Estate,atm-engineering@tejomaya.example,2026-04-25,2027-05-28,atm subsystem
etl-lending-018 tls certificate,etl-lending-018.tejomaya.internal:443,tls_certificate,RSA,2048,TLSv1.2,production,Lending,lending-eng@tejomaya.example,2026-06-03,2027-07-06,lending subsystem
batch-npci-127 tls certificate,batch-npci-127.tejomaya.internal:443,tls_certificate,ECDSA,256,TLSv1.3,production,Payments,payments-platform@tejomaya.example,2025-12-13,2027-01-15,npci subsystem
SSH host key notify-217,/etc/ssh/ssh_host_key_notify-217,ssh_key,RSA,2048,,production,Payments,payments-platform@tejomaya.example,2026-02-08,2028-02-08,upi subsystem
SSH host key mq-155,/etc/ssh/ssh_host_key_mq-155,ssh_key,RSA,2048,,production,PKI,pki-team@tejomaya.example,2025-06-25,2027-06-25,pki subsystem
batch-treasury-048 tls certificate,batch-treasury-048.tejomaya.internal:443,tls_certificate,RSA,2048,TLSv1.2,production,Treasury,treasury-tech@tejomaya.example,2026-02-25,2027-03-30,treasury subsystem
admin-cards-155 tls key exchange,admin-cards-155.tejomaya.internal:443,tls_key_exchange,ECDHE,256,TLSv1.3,production,Cards,cards-engineering@tejomaya.example,2025-10-04,2027-10-04,cards subsystem
edge-npci-115 tls certificate,edge-npci-115.tejomaya.internal:443,tls_certificate,RSA,2048,TLSv1.2,staging,Payments,payments-platform@tejomaya.example,2026-03-05,2027-04-07,npci subsystem
auth-corebank-144 tls certificate,auth-corebank-144.tejomaya.internal:443,tls_certificate,RSA,2048,TLSv1.2,staging,Core Banking,corebank-ops@tejomaya.example,2026-04-22,2027-05-25,corebank subsystem
int-cards-083 tls certificate,int-cards-083.tejomaya.internal:443,tls_certificate,RSA,2048,TLSv1.2,dr,Cards,cards-engineering@tejomaya.example,2026-01-27,2027-03-01,cards subsystem
api-infra-234 tls key exchange,api-infra-234.tejomaya.internal:443,tls_key_exchange,X25519,256,TLSv1.3,production,Infrastructure,platform-team@tejomaya.example,2024-09-07,2026-09-07,infra subsystem
int-npci-143 tls certificate,int-npci-143.tejomaya.internal:443,tls_certificate,RSA,2048,TLSv1.2,dr,Payments,,2026-02-25,2027-03-30,npci subsystem
app-npci-146 tls certificate,app-npci-146.tejomaya.internal:443,tls_certificate,RSA,2048,TLSv1.2,production,Payments,payments-platform@tejomaya.example,2026-03-17,2027-04-19,npci subsystem
edge-lending-126 tls key exchange,edge-lending-126.tejomaya.internal:443,tls_key_exchange,ECDHE,256,TLSv1.3,production,Lending,lending-eng@tejomaya.example,2025-03-31,2027-03-31,lending subsystem
portal-corebank-054 database tls,portal-corebank-054.tejomaya.internal:443,database_tls,AES,256,,production,Core Banking,corebank-ops@tejomaya.example,2025-09-02,2027-09-02,corebank subsystem
cache-npci-218 database tls,cache-npci-218.tejomaya.internal:443,database_tls,AES,256,,staging,Payments,payments-platform@tejomaya.example,2026-04-22,2028-04-21,npci subsystem
sso-atm-081 tls certificate,sso-atm-081.tejomaya.internal:443,tls_certificate,RSA,2048,TLSv1.2,production,ATM Estate,,2025-12-20,2027-01-22,atm subsystem
batch-atm-041 tls cipher suite,batch-atm-041.tejomaya.internal:443,tls_cipher_suite,TLS_ECDHE_RSA_WITH_AES_256_GCM_SHA384,256,TLSv1.2,production,ATM Estate,atm-engineering@tejomaya.example,2025-01-26,2027-01-26,atm subsystem
notify-treasury-135 tls cipher suite,notify-treasury-135.tejomaya.internal:443,tls_cipher_suite,TLS_ECDHE_RSA_WITH_AES_256_GCM_SHA384,256,TLSv1.2,production,Treasury,treasury-tech@tejomaya.example,2025-01-18,2027-01-18,treasury subsystem
int-infra-063 database tls,int-infra-063.tejomaya.internal:443,database_tls,AES,256,,production,Infrastructure,platform-team@tejomaya.example,2025-03-25,2027-03-25,infra subsystem
notify-infra-091 tls cipher suite,notify-infra-091.tejomaya.internal:443,tls_cipher_suite,TLS_ECDHE_RSA_WITH_AES_256_GCM_SHA384,256,TLSv1.2,production,Infrastructure,platform-team@tejomaya.example,2024-12-20,2026-12-20,infra subsystem
batch-pki-185 tls certificate,batch-pki-185.tejomaya.internal:443,tls_certificate,ECDSA,256,TLSv1.3,staging,PKI,pki-team@tejomaya.example,2026-04-02,2027-05-05,pki subsystem
sso-npci-212 tls key exchange,sso-npci-212.tejomaya.internal:443,tls_key_exchange,ECDHE,256,TLSv1.3,dr,Payments,payments-platform@tejomaya.example,2025-07-28,2027-07-28,npci subsystem
batch-upi-120 tls key exchange,batch-upi-120.tejomaya.internal:443,tls_key_exchange,ECDHE,256,TLSv1.3,staging,Payments,payments-platform@tejomaya.example,2026-03-19,2028-03-18,upi subsystem
sso-npci-083 tls certificate,sso-npci-083.tejomaya.internal:443,tls_certificate,ECDSA,256,TLSv1.3,dr,Payments,,2026-05-04,2027-06-06,npci subsystem
mq-upi-111 tls certificate,mq-upi-111.tejomaya.internal:443,tls_certificate,RSA,2048,TLSv1.2,production,Payments,payments-platform@tejomaya.example,2026-02-05,2027-03-10,upi subsystem
gw-upi-018 tls key exchange,gw-upi-018.tejomaya.internal:443,tls_key_exchange,X25519,256,TLSv1.3,dr,Payments,payments-platform@tejomaya.example,2025-08-20,2027-08-20,upi subsystem
gw-channels-167 tls certificate,gw-channels-167.tejomaya.internal:443,tls_certificate,ECDSA,256,TLSv1.3,production,Digital Channels,identity-team@tejomaya.example,2026-05-10,2027-06-12,channels subsystem
app-lending-205 tls cipher suite,app-lending-205.tejomaya.internal:443,tls_cipher_suite,TLS_ECDHE_RSA_WITH_AES_256_GCM_SHA384,256,TLSv1.2,production,Lending,,2025-06-20,2027-06-20,lending subsystem
edge-channels-031 tls certificate,edge-channels-031.tejomaya.internal:443,tls_certificate,RSA,2048,TLSv1.2,production,Digital Channels,identity-team@tejomaya.example,2026-08-11,2027-09-13,channels subsystem
sso-treasury-186 tls certificate,sso-treasury-186.tejomaya.internal:443,tls_certificate,RSA,2048,TLSv1.2,staging,Treasury,treasury-tech@tejomaya.example,2025-11-30,2027-01-02,treasury subsystem
SSH host key admin-047,/etc/ssh/ssh_host_key_admin-047,ssh_key,RSA,2048,,production,Infrastructure,platform-team@tejomaya.example,2026-03-29,2028-03-28,infra subsystem
cache-channels-199 tls key exchange,cache-channels-199.tejomaya.internal:443,tls_key_exchange,ECDHE,256,TLSv1.3,dr,Digital Channels,identity-team@tejomaya.example,2026-05-28,2028-05-27,channels subsystem
cache-infra-211 tls certificate,cache-infra-211.tejomaya.internal:443,tls_certificate,RSA,2048,TLSv1.2,production,Infrastructure,,2026-05-11,2027-06-13,infra subsystem
api-lending-088 tls key exchange,api-lending-088.tejomaya.internal:443,tls_key_exchange,X25519MLKEM768,256,TLSv1.3,production,Lending,lending-eng@tejomaya.example,2024-12-26,2026-12-26,lending subsystem
api-npci-050 tls key exchange,api-npci-050.tejomaya.internal:443,tls_key_exchange,ECDHE,256,TLSv1.3,staging,Payments,payments-platform@tejomaya.example,2025-10-01,2027-10-01,npci subsystem
auth-channels-168 tls certificate,auth-channels-168.tejomaya.internal:443,tls_certificate,RSA,2048,TLSv1.2,production,Digital Channels,identity-team@tejomaya.example,2025-12-08,2027-01-10,channels subsystem
svc-lending-095 tls certificate,svc-lending-095.tejomaya.internal:443,tls_certificate,RSA,2048,TLSv1.2,dr,Lending,lending-eng@tejomaya.example,2026-08-10,2027-09-12,lending subsystem
sso-npci-033 tls certificate,sso-npci-033.tejomaya.internal:443,tls_certificate,ECDSA,256,TLSv1.3,dr,Payments,,2026-01-31,2027-03-05,npci subsystem
Tejomaya Issuing CA - Core Banking,pki://tejomaya/issuing-ca-corebank,issuing_ca,RSA,3072,,staging,Core Banking,corebank-ops@tejomaya.example,2019-12-24,2027-12-22,corebank subsystem
Treasury backup key 174,/opt/backup/treasury-archive-174.key,backup_encryption,3DES,168,,production,Treasury,treasury-tech@tejomaya.example,2024-09-03,2026-09-03,treasury subsystem
admin-treasury-066 config,admin-treasury-066.tejomaya.internal:443,config,TLS_RSA_WITH_AES_128_CBC_SHA256,128,TLSv1.2,production,Treasury,treasury-tech@tejomaya.example,2024-11-05,2026-11-05,treasury subsystem
mq-pki-098 tls cipher suite,mq-pki-098.tejomaya.internal:443,tls_cipher_suite,TLS_ECDHE_RSA_WITH_AES_256_GCM_SHA384,256,TLSv1.2,dr,PKI,pki-team@tejomaya.example,2025-06-25,2027-06-25,pki subsystem
mq-lending-061 tls certificate,mq-lending-061.tejomaya.internal:443,tls_certificate,RSA,2048,TLSv1.2,production,Lending,lending-eng@tejomaya.example,2025-09-10,2026-10-13,lending subsystem
api-atm-097 tls certificate,api-atm-097.tejomaya.internal:443,tls_certificate,RSA,2048,TLSv1.2,production,ATM Estate,,2026-08-03,2027-09-05,atm subsystem
app-upi-096 tls key exchange,app-upi-096.tejomaya.internal:443,tls_key_exchange,ECDHE,256,TLSv1.3,production,Payments,payments-platform@tejomaya.example,2024-07-27,2026-07-27,upi subsystem
portal-treasury-235 tls key exchange,portal-treasury-235.tejomaya.internal:443,tls_key_exchange,ECDHE,256,TLSv1.3,staging,Treasury,treasury-tech@tejomaya.example,2025-12-02,2027-12-02,treasury subsystem
sso-upi-128 tls certificate,sso-upi-128.tejomaya.internal:443,tls_certificate,RSA,2048,TLSv1.2,production,Payments,payments-platform@tejomaya.example,2025-11-17,2026-12-20,upi subsystem
mq-pki-076 tls certificate,mq-pki-076.tejomaya.internal:443,tls_certificate,RSA,2048,TLSv1.2,production,PKI,pki-team@tejomaya.example,2025-06-03,2026-07-06,pki subsystem
notify-lending-120 tls certificate,notify-lending-120.tejomaya.internal:443,tls_certificate,ECDSA,256,TLSv1.3,production,Lending,lending-eng@tejomaya.example,2026-08-11,2027-09-13,lending subsystem
db-corebank-206 database tls,db-corebank-206.tejomaya.internal:443,database_tls,AES,256,,production,Core Banking,,2025-08-30,2027-08-30,corebank subsystem
auth-npci-072 tls certificate,auth-npci-072.tejomaya.internal:443,tls_certificate,RSA,2048,TLSv1.2,dr,Payments,payments-platform@tejomaya.example,2026-04-16,2027-05-19,npci subsystem
portal-corebank-189 tls key exchange,portal-corebank-189.tejomaya.internal:443,tls_key_exchange,X25519,256,TLSv1.3,production,Core Banking,corebank-ops@tejomaya.example,2025-05-07,2027-05-07,corebank subsystem
portal-channels-220 tls cipher suite,portal-channels-220.tejomaya.internal:443,tls_cipher_suite,TLS_ECDHE_RSA_WITH_AES_256_GCM_SHA384,256,TLSv1.2,production,Digital Channels,identity-team@tejomaya.example,2026-08-04,2028-08-03,channels subsystem
batch-cards-199 tls certificate,batch-cards-199.tejomaya.internal:443,tls_certificate,RSA,2048,TLSv1.2,dr,Cards,cards-engineering@tejomaya.example,2026-06-18,2027-07-21,cards subsystem
batch-atm-189 tls cipher suite,batch-atm-189.tejomaya.internal:443,tls_cipher_suite,TLS_ECDHE_RSA_WITH_AES_256_GCM_SHA384,256,TLSv1.2,production,ATM Estate,atm-engineering@tejomaya.example,2026-03-12,2028-03-11,atm subsystem
SSH host key sso-060,/etc/ssh/ssh_host_key_sso-060,ssh_key,RSA,2048,,dr,Payments,,2025-03-09,2027-03-09,upi subsystem
batch-channels-131 tls key exchange,batch-channels-131.tejomaya.internal:443,tls_key_exchange,ECDHE,256,TLSv1.3,production,Digital Channels,identity-team@tejomaya.example,2025-01-20,2027-01-20,channels subsystem
batch-npci-227 tls key exchange,batch-npci-227.tejomaya.internal:443,tls_key_exchange,X25519,256,TLSv1.3,staging,Payments,payments-platform@tejomaya.example,2026-01-03,2028-01-03,npci subsystem
mq-pki-151 tls certificate,mq-pki-151.tejomaya.internal:443,tls_certificate,RSA,2048,TLSv1.2,production,PKI,pki-team@tejomaya.example,2026-08-08,2027-09-10,pki subsystem
auth-cards-008 tls key exchange,auth-cards-008.tejomaya.internal:443,tls_key_exchange,ECDHE,256,TLSv1.3,staging,Cards,cards-engineering@tejomaya.example,2024-08-23,2026-08-23,cards subsystem
auth-channels-179 database tls,auth-channels-179.tejomaya.internal:443,database_tls,AES,256,,staging,Digital Channels,identity-team@tejomaya.example,2026-07-09,2028-07-08,channels subsystem
etl-atm-050 tls certificate,etl-atm-050.tejomaya.internal:443,tls_certificate,ECDSA,256,TLSv1.3,production,ATM Estate,atm-engineering@tejomaya.example,2026-01-01,2027-02-03,atm subsystem
ATM Estate device identity 178,atm-fleet-178.tejomaya.internal,device_identity,ECDSA,256,,staging,ATM Estate,atm-engineering@tejomaya.example,2019-06-01,2027-05-30,atm subsystem
batch-corebank-206 tls certificate,batch-corebank-206.tejomaya.internal:443,tls_certificate,RSA,2048,TLSv1.2,production,Core Banking,corebank-ops@tejomaya.example,2026-06-21,2027-07-24,corebank subsystem
int-cards-082 tls cipher suite,int-cards-082.tejomaya.internal:443,tls_cipher_suite,TLS_ECDHE_RSA_WITH_AES_256_GCM_SHA384,256,TLSv1.2,production,Cards,cards-engineering@tejomaya.example,2025-06-09,2027-06-09,cards subsystem
notify-corebank-020 database tls,notify-corebank-020.tejomaya.internal:443,database_tls,AES,256,,dr,Core Banking,corebank-ops@tejomaya.example,2025-02-01,2027-02-01,corebank subsystem
api-infra-029 tls certificate,api-infra-029.tejomaya.internal:443,tls_certificate,RSA,2048,TLSv1.2,production,Infrastructure,platform-team@tejomaya.example,2026-05-29,2027-07-01,infra subsystem
Digital Channels token signing key 27,/opt/idp/channels-jwt-signing-27.pem,token_signing,RSA,2048,,production,Digital Channels,identity-team@tejomaya.example,2025-04-29,2027-04-29,channels subsystem
edge-pki-107 tls certificate,edge-pki-107.tejomaya.internal:443,tls_certificate,RSA,2048,TLSv1.2,production,PKI,pki-team@tejomaya.example,2026-04-15,2027-05-18,pki subsystem
notify-npci-158 tls certificate,notify-npci-158.tejomaya.internal:443,tls_certificate,RSA,2048,TLSv1.2,production,Payments,payments-platform@tejomaya.example,2026-07-27,2027-08-29,npci subsystem
portal-infra-208 tls certificate,portal-infra-208.tejomaya.internal:443,tls_certificate,RSA,2048,TLSv1.2,production,Infrastructure,,2026-01-15,2027-02-17,infra subsystem
admin-atm-075 database tls,admin-atm-075.tejomaya.internal:443,database_tls,AES,256,,production,ATM Estate,atm-engineering@tejomaya.example,2025-08-18,2027-08-18,atm subsystem
auth-atm-196 tls certificate,auth-atm-196.tejomaya.internal:443,tls_certificate,RSA,2048,TLSv1.2,staging,ATM Estate,atm-engineering@tejomaya.example,2026-04-10,2027-05-13,atm subsystem
app-treasury-020 tls key exchange,app-treasury-020.tejomaya.internal:443,tls_key_exchange,ECDHE,256,TLSv1.3,production,Treasury,treasury-tech@tejomaya.example,2025-07-13,2027-07-13,treasury subsystem
app-treasury-200 tls key exchange,app-treasury-200.tejomaya.internal:443,tls_key_exchange,ECDHE,256,TLSv1.3,production,Treasury,treasury-tech@tejomaya.example,2026-06-04,2028-06-03,treasury subsystem
notify-lending-107 tls key exchange,notify-lending-107.tejomaya.internal:443,tls_key_exchange,ECDHE,256,TLSv1.3,production,Lending,lending-eng@tejomaya.example,2025-02-06,2027-02-06,lending subsystem
admin-cards-028 database tls,admin-cards-028.tejomaya.internal:443,database_tls,AES,256,,production,Cards,cards-engineering@tejomaya.example,2026-01-04,2028-01-04,cards subsystem
sso-pki-178 tls certificate,sso-pki-178.tejomaya.internal:443,tls_certificate,RSA,2048,TLSv1.2,staging,PKI,pki-team@tejomaya.example,2026-04-25,2027-05-28,pki subsystem
Digital Channels backup key 041,/opt/backup/channels-archive-041.key,backup_encryption,AES,256,,dr,Digital Channels,identity-team@tejomaya.example,2026-03-20,2028-03-19,channels subsystem
etl-corebank-076 tls key exchange,etl-corebank-076.tejomaya.internal:443,tls_key_exchange,ECDHE,256,TLSv1.3,production,Core Banking,corebank-ops@tejomaya.example,2025-04-06,2027-04-06,corebank subsystem
Payment HSM key 141,hsm://payment-hsm-06/slot1/key,payment_hsm,RSA,2048,,production,ATM Estate,atm-engineering@tejomaya.example,2025-08-10,2027-08-10,atm subsystem
svc-atm-051 tls key exchange,svc-atm-051.tejomaya.internal:443,tls_key_exchange,ECDHE,256,TLSv1.3,staging,ATM Estate,atm-engineering@tejomaya.example,2026-06-13,2028-06-12,atm subsystem
auth-npci-209 tls certificate,auth-npci-209.tejomaya.internal:443,tls_certificate,ECDSA,256,TLSv1.3,production,Payments,payments-platform@tejomaya.example,2026-05-07,2027-06-09,npci subsystem
portal-pki-185 tls key exchange,portal-pki-185.tejomaya.internal:443,tls_key_exchange,X25519,256,TLSv1.3,staging,PKI,,2025-03-08,2027-03-08,pki subsystem
api-pki-178 tls certificate,api-pki-178.tejomaya.internal:443,tls_certificate,RSA,2048,TLSv1.2,production,PKI,pki-team@tejomaya.example,2026-06-15,2027-07-18,pki subsystem
app-pki-116 tls certificate,app-pki-116.tejomaya.internal:443,tls_certificate,RSA,2048,TLSv1.2,production,PKI,pki-team@tejomaya.example,2026-02-07,2027-03-12,pki subsystem
auth-upi-218 tls certificate,auth-upi-218.tejomaya.internal:443,tls_certificate,RSA,2048,TLSv1.2,production,Payments,,2025-07-04,2026-08-06,upi subsystem
app-channels-084 tls certificate,app-channels-084.tejomaya.internal:443,tls_certificate,RSA,2048,TLSv1.2,production,Digital Channels,identity-team@tejomaya.example,2026-03-16,2027-04-18,channels subsystem
auth-cards-082 tls key exchange,auth-cards-082.tejomaya.internal:443,tls_key_exchange,ECDHE,256,TLSv1.3,dr,Cards,cards-engineering@tejomaya.example,2025-11-09,2027-11-09,cards subsystem
batch-corebank-056 tls certificate,batch-corebank-056.tejomaya.internal:443,tls_certificate,RSA,2048,TLSv1.2,dr,Core Banking,,2025-12-19,2027-01-21,corebank subsystem
admin-infra-204 tls certificate,admin-infra-204.tejomaya.internal:443,tls_certificate,RSA,2048,TLSv1.2,dr,Infrastructure,platform-team@tejomaya.example,2025-08-29,2026-10-01,infra subsystem
cache-corebank-095 tls key exchange,cache-corebank-095.tejomaya.internal:443,tls_key_exchange,ECDHE,256,TLSv1.3,production,Core Banking,,2025-08-10,2027-08-10,corebank subsystem
Payments backup key 214,/opt/backup/npci-archive-214.key,backup_encryption,AES,256,,production,Payments,payments-platform@tejomaya.example,2026-03-03,2028-03-02,npci subsystem
int-pki-057 tls cipher suite,int-pki-057.tejomaya.internal:443,tls_cipher_suite,TLS_ECDHE_RSA_WITH_AES_256_GCM_SHA384,256,TLSv1.2,staging,PKI,,2024-09-23,2026-09-23,pki subsystem
notify-cards-067 tls certificate,notify-cards-067.tejomaya.internal:443,tls_certificate,RSA,2048,TLSv1.2,production,Cards,cards-engineering@tejomaya.example,2025-11-19,2026-12-22,cards subsystem
api-npci-210 tls key exchange,api-npci-210.tejomaya.internal:443,tls_key_exchange,ECDHE,256,TLSv1.3,staging,Payments,payments-platform@tejomaya.example,2026-01-12,2028-01-12,npci subsystem
cache-corebank-208 tls key exchange,cache-corebank-208.tejomaya.internal:443,tls_key_exchange,X25519,256,TLSv1.3,production,Core Banking,corebank-ops@tejomaya.example,2025-02-13,2027-02-13,corebank subsystem
sso-corebank-055 tls key exchange,sso-corebank-055.tejomaya.internal:443,tls_key_exchange,ECDHE,256,TLSv1.3,production,Core Banking,corebank-ops@tejomaya.example,2025-03-04,2027-03-04,corebank subsystem
cache-atm-182 tls certificate,cache-atm-182.tejomaya.internal:443,tls_certificate,ECDSA,256,TLSv1.3,dr,ATM Estate,atm-engineering@tejomaya.example,2026-01-21,2027-02-23,atm subsystem
Digital Channels device identity 123,channels-fleet-123.tejomaya.internal,device_identity,ECDSA,256,,staging,Digital Channels,,2023-05-08,2031-05-06,channels subsystem
etl-channels-188 tls certificate,etl-channels-188.tejomaya.internal:443,tls_certificate,ECDSA,256,TLSv1.3,production,Digital Channels,identity-team@tejomaya.example,2026-03-21,2027-04-23,channels subsystem
cache-cards-174 tls key exchange,cache-cards-174.tejomaya.internal:443,tls_key_exchange,X25519,256,TLSv1.3,production,Cards,cards-engineering@tejomaya.example,2024-12-21,2026-12-21,cards subsystem
app-infra-010 tls certificate,app-infra-010.tejomaya.internal:443,tls_certificate,ECDSA,256,TLSv1.3,production,Infrastructure,,2026-04-09,2027-05-12,infra subsystem
web-npci-135 database tls,web-npci-135.tejomaya.internal:443,database_tls,AES,256,,production,Payments,payments-platform@tejomaya.example,2025-11-17,2027-11-17,npci subsystem
mq-pki-237 tls key exchange,mq-pki-237.tejomaya.internal:443,tls_key_exchange,X25519,256,TLSv1.3,production,PKI,pki-team@tejomaya.example,2026-02-25,2028-02-25,pki subsystem
db-infra-162 tls key exchange,db-infra-162.tejomaya.internal:443,tls_key_exchange,ECDHE,256,TLSv1.3,production,Infrastructure,platform-team@tejomaya.example,2026-04-16,2028-04-15,infra subsystem
int-lending-164 tls cipher suite,int-lending-164.tejomaya.internal:443,tls_cipher_suite,TLS_ECDHE_RSA_WITH_AES_256_GCM_SHA384,256,TLSv1.2,production,Lending,lending-eng@tejomaya.example,2025-08-27,2027-08-27,lending subsystem
app-atm-208 tls key exchange,app-atm-208.tejomaya.internal:443,tls_key_exchange,ECDHE,256,TLSv1.3,production,ATM Estate,atm-engineering@tejomaya.example,2025-09-11,2027-09-11,atm subsystem
notify-npci-222 config,notify-npci-222.tejomaya.internal:443,config,3DES,168,TLSv1.0,production,Payments,payments-platform@tejomaya.example,2025-09-18,2027-09-18,npci subsystem
db-upi-023 tls key exchange,db-upi-023.tejomaya.internal:443,tls_key_exchange,X25519,256,TLSv1.3,production,Payments,payments-platform@tejomaya.example,2025-03-01,2027-03-01,upi subsystem
rpt-cards-017 tls key exchange,rpt-cards-017.tejomaya.internal:443,tls_key_exchange,ECDHE,256,TLSv1.3,production,Cards,cards-engineering@tejomaya.example,2025-03-11,2027-03-11,cards subsystem
PKI IPsec tunnel 127,vpn-pki-127.tejomaya.internal,vpn_ipsec,DH,2048,,dr,PKI,,2025-11-21,2027-11-21,pki subsystem
PKI token signing key 55,/opt/idp/pki-jwt-signing-55.pem,token_signing,RSA,2048,,staging,PKI,pki-team@tejomaya.example,2025-08-28,2027-08-28,pki subsystem
batch-atm-037 tls key exchange,batch-atm-037.tejomaya.internal:443,tls_key_exchange,ECDHE,256,TLSv1.3,staging,ATM Estate,atm-engineering@tejomaya.example,2025-04-20,2027-04-20,atm subsystem
app-treasury-144 tls key exchange,app-treasury-144.tejomaya.internal:443,tls_key_exchange,X25519MLKEM768,256,TLSv1.3,production,Treasury,treasury-tech@tejomaya.example,2025-11-03,2027-11-03,treasury subsystem
portal-treasury-061 tls cipher suite,portal-treasury-061.tejomaya.internal:443,tls_cipher_suite,TLS_ECDHE_RSA_WITH_AES_256_GCM_SHA384,256,TLSv1.2,production,Treasury,,2025-04-30,2027-04-30,treasury subsystem
web-cards-031 database tls,web-cards-031.tejomaya.internal:443,database_tls,AES,256,,production,Cards,cards-engineering@tejomaya.example,2026-01-05,2028-01-05,cards subsystem
admin-atm-236 tls certificate,admin-atm-236.tejomaya.internal:443,tls_certificate,ECDSA,256,TLSv1.3,production,ATM Estate,atm-engineering@tejomaya.example,2025-11-26,2026-12-29,atm subsystem
Infrastructure device identity 091,infra-fleet-091.tejomaya.internal,device_identity,ECDSA,256,,dr,Infrastructure,platform-team@tejomaya.example,2021-06-02,2029-05-31,infra subsystem
db-channels-015 tls key exchange,db-channels-015.tejomaya.internal:443,tls_key_exchange,ECDHE,256,TLSv1.3,production,Digital Channels,,2024-09-24,2026-09-24,channels subsystem
sso-upi-211 config,sso-upi-211.tejomaya.internal:443,config,TLS_RSA_WITH_AES_128_CBC_SHA256,128,TLSv1.2,staging,Payments,payments-platform@tejomaya.example,2025-04-10,2027-04-10,upi subsystem
rpt-corebank-188 tls certificate,rpt-corebank-188.tejomaya.internal:443,tls_certificate,RSA,2048,TLSv1.2,production,Core Banking,corebank-ops@tejomaya.example,2026-04-27,2027-05-30,corebank subsystem
etl-treasury-169 tls certificate,etl-treasury-169.tejomaya.internal:443,tls_certificate,RSA,2048,TLSv1.2,staging,Treasury,treasury-tech@tejomaya.example,2026-01-30,2027-03-04,treasury subsystem
notify-treasury-180 tls certificate,notify-treasury-180.tejomaya.internal:443,tls_certificate,ECDSA,256,TLSv1.3,staging,Treasury,treasury-tech@tejomaya.example,2026-01-18,2027-02-20,treasury subsystem
rpt-lending-090 tls certificate,rpt-lending-090.tejomaya.internal:443,tls_certificate,ECDSA,256,TLSv1.3,production,Lending,lending-eng@tejomaya.example,2025-07-27,2026-08-29,lending subsystem
admin-treasury-203 database tls,admin-treasury-203.tejomaya.internal:443,database_tls,AES,256,,production,Treasury,treasury-tech@tejomaya.example,2025-07-07,2027-07-07,treasury subsystem
sso-npci-130 tls certificate,sso-npci-130.tejomaya.internal:443,tls_certificate,RSA,2048,TLSv1.2,staging,Payments,,2025-10-11,2026-11-13,npci subsystem
portal-lending-035 tls key exchange,portal-lending-035.tejomaya.internal:443,tls_key_exchange,ECDHE,256,TLSv1.3,production,Lending,,2025-02-21,2027-02-21,lending subsystem
cache-npci-180 tls certificate,cache-npci-180.tejomaya.internal:443,tls_certificate,RSA,2048,TLSv1.2,staging,Payments,payments-platform@tejomaya.example,2026-04-16,2027-05-19,npci subsystem
Cards source call site 227,services/cards/web_handler.py:27,source,RSA,2048,,production,Cards,cards-engineering@tejomaya.example,2026-01-12,2028-01-12,cards subsystem
Infrastructure device identity 095,infra-fleet-095.tejomaya.internal,device_identity,ECDSA,256,,staging,Infrastructure,,2024-01-21,2032-01-19,infra subsystem
auth-treasury-151 tls certificate,auth-treasury-151.tejomaya.internal:443,tls_certificate,RSA,2048,TLSv1.2,production,Treasury,treasury-tech@tejomaya.example,2026-08-20,2027-09-22,treasury subsystem
gw-corebank-207 tls certificate,gw-corebank-207.tejomaya.internal:443,tls_certificate,RSA,2048,TLSv1.2,production,Core Banking,corebank-ops@tejomaya.example,2025-08-12,2026-09-14,corebank subsystem
rpt-corebank-192 tls certificate,rpt-corebank-192.tejomaya.internal:443,tls_certificate,RSA,2048,TLSv1.2,production,Core Banking,corebank-ops@tejomaya.example,2026-07-11,2027-08-13,corebank subsystem
Payments backup key 040,/opt/backup/npci-archive-040.key,backup_encryption,3DES,168,,dr,Payments,payments-platform@tejomaya.example,2024-09-22,2026-09-22,npci subsystem
PKI token signing key 70,/opt/idp/pki-jwt-signing-70.pem,token_signing,RSA,2048,,dr,PKI,pki-team@tejomaya.example,2025-04-04,2027-04-04,pki subsystem
rpt-channels-167 tls certificate,rpt-channels-167.tejomaya.internal:443,tls_certificate,RSA,2048,TLSv1.2,staging,Digital Channels,identity-team@tejomaya.example,2025-12-25,2027-01-27,channels subsystem
api-cards-007 tls key exchange,api-cards-007.tejomaya.internal:443,tls_key_exchange,X25519,256,TLSv1.3,production,Cards,,2025-01-23,2027-01-23,cards subsystem
mq-pki-165 tls certificate,mq-pki-165.tejomaya.internal:443,tls_certificate,RSA,2048,TLSv1.2,staging,PKI,pki-team@tejomaya.example,2026-05-08,2027-06-10,pki subsystem
gw-channels-156 tls certificate,gw-channels-156.tejomaya.internal:443,tls_certificate,ECDSA,256,TLSv1.3,production,Digital Channels,identity-team@tejomaya.example,2026-01-22,2027-02-24,channels subsystem
batch-cards-090 tls certificate,batch-cards-090.tejomaya.internal:443,tls_certificate,RSA,2048,TLSv1.2,production,Cards,cards-engineering@tejomaya.example,2025-09-15,2026-10-18,cards subsystem
PKI device identity 136,pki-fleet-136.tejomaya.internal,device_identity,ECDSA,256,,production,PKI,pki-team@tejomaya.example,2024-02-26,2032-02-24,pki subsystem
Infrastructure device identity 196,infra-fleet-196.tejomaya.internal,device_identity,ECDSA,256,,dr,Infrastructure,platform-team@tejomaya.example,2018-08-19,2026-08-17,infra subsystem
web-channels-063 tls key exchange,web-channels-063.tejomaya.internal:443,tls_key_exchange,X25519,256,TLSv1.3,production,Digital Channels,identity-team@tejomaya.example,2025-08-14,2027-08-14,channels subsystem
batch-upi-162 tls cipher suite,batch-upi-162.tejomaya.internal:443,tls_cipher_suite,TLS_ECDHE_RSA_WITH_AES_256_GCM_SHA384,256,TLSv1.2,production,Payments,,2024-07-21,2026-07-21,upi subsystem
mq-upi-117 tls certificate,mq-upi-117.tejomaya.internal:443,tls_certificate,RSA,2048,TLSv1.2,production,Payments,payments-platform@tejomaya.example,2026-02-13,2027-03-18,upi subsystem
Tejomaya Issuing CA - Treasury,pki://tejomaya/issuing-ca-treasury,issuing_ca,RSA,3072,,staging,Treasury,treasury-tech@tejomaya.example,2021-06-14,2029-06-12,treasury subsystem
Payments device identity 221,npci-fleet-221.tejomaya.internal,device_identity,ECDSA,256,,production,Payments,payments-platform@tejomaya.example,2023-10-21,2031-10-19,npci subsystem
gw-atm-206 tls key exchange,gw-atm-206.tejomaya.internal:443,tls_key_exchange,ECDHE,256,TLSv1.3,dr,ATM Estate,atm-engineering@tejomaya.example,2025-12-25,2027-12-25,atm subsystem
sso-corebank-082 tls key exchange,sso-corebank-082.tejomaya.internal:443,tls_key_exchange,ECDHE,256,TLSv1.3,staging,Core Banking,,2026-02-24,2028-02-24,corebank subsystem
SSH host key gw-063,/etc/ssh/ssh_host_key_gw-063,ssh_key,RSA,2048,,dr,Digital Channels,identity-team@tejomaya.example,2025-06-25,2027-06-25,channels subsystem
SSH host key admin-182,/etc/ssh/ssh_host_key_admin-182,ssh_key,RSA,2048,,production,Payments,payments-platform@tejomaya.example,2026-04-16,2028-04-15,npci subsystem
SSH host key admin-023,/etc/ssh/ssh_host_key_admin-023,ssh_key,RSA,2048,,production,Cards,cards-engineering@tejomaya.example,2025-01-21,2027-01-21,cards subsystem
gw-upi-029 config,gw-upi-029.tejomaya.internal:443,config,TLS_RSA_WITH_AES_128_CBC_SHA256,128,TLSv1.2,production,Payments,payments-platform@tejomaya.example,2025-06-04,2027-06-04,upi subsystem
batch-lending-084 tls key exchange,batch-lending-084.tejomaya.internal:443,tls_key_exchange,X25519,256,TLSv1.3,production,Lending,lending-eng@tejomaya.example,2025-10-09,2027-10-09,lending subsystem
notify-npci-004 tls key exchange,notify-npci-004.tejomaya.internal:443,tls_key_exchange,ECDHE,256,TLSv1.3,production,Payments,payments-platform@tejomaya.example,2025-11-27,2027-11-27,npci subsystem
svc-npci-110 tls certificate,svc-npci-110.tejomaya.internal:443,tls_certificate,ECDSA,256,TLSv1.3,production,Payments,payments-platform@tejomaya.example,2026-01-06,2027-02-08,npci subsystem
Infrastructure device identity 119,infra-fleet-119.tejomaya.internal,device_identity,ECDSA,256,,production,Infrastructure,platform-team@tejomaya.example,2026-01-23,2034-01-21,infra subsystem
gw-lending-051 tls certificate,gw-lending-051.tejomaya.internal:443,tls_certificate,RSA,2048,TLSv1.2,production,Lending,lending-eng@tejomaya.example,2026-01-11,2027-02-13,lending subsystem
portal-upi-093 tls certificate,portal-upi-093.tejomaya.internal:443,tls_certificate,RSA,2048,TLSv1.2,dr,Payments,payments-platform@tejomaya.example,2025-12-16,2027-01-18,upi subsystem
Core Banking source call site 098,services/corebank/notify_handler.py:330,source,RSA,2048,,production,Core Banking,corebank-ops@tejomaya.example,2026-01-15,2028-01-15,corebank subsystem
sso-npci-020 tls certificate,sso-npci-020.tejomaya.internal:443,tls_certificate,ECDSA,256,TLSv1.3,production,Payments,payments-platform@tejomaya.example,2026-01-28,2027-03-02,npci subsystem
etl-channels-041 tls certificate,etl-channels-041.tejomaya.internal:443,tls_certificate,RSA,2048,TLSv1.2,production,Digital Channels,identity-team@tejomaya.example,2026-03-27,2027-04-29,channels subsystem
Infrastructure backup key 229,/opt/backup/infra-archive-229.key,backup_encryption,AES,256,,staging,Infrastructure,platform-team@tejomaya.example,2025-07-13,2027-07-13,infra subsystem
edge-treasury-218 tls certificate,edge-treasury-218.tejomaya.internal:443,tls_certificate,RSA,2048,TLSv1.2,dr,Treasury,treasury-tech@tejomaya.example,2026-08-10,2027-09-12,treasury subsystem
int-channels-116 tls key exchange,int-channels-116.tejomaya.internal:443,tls_key_exchange,ECDHE,256,TLSv1.3,production,Digital Channels,identity-team@tejomaya.example,2024-09-29,2026-09-29,channels subsystem
SSH host key int-221,/etc/ssh/ssh_host_key_int-221,ssh_key,RSA,2048,,production,ATM Estate,atm-engineering@tejomaya.example,2025-10-06,2027-10-06,atm subsystem
cache-channels-239 tls certificate,cache-channels-239.tejomaya.internal:443,tls_certificate,RSA,2048,TLSv1.2,production,Digital Channels,identity-team@tejomaya.example,2025-10-04,2026-11-06,channels subsystem
web-npci-062 tls key exchange,web-npci-062.tejomaya.internal:443,tls_key_exchange,X25519,256,TLSv1.3,production,Payments,payments-platform@tejomaya.example,2026-06-12,2028-06-11,npci subsystem
notify-infra-057 tls certificate,notify-infra-057.tejomaya.internal:443,tls_certificate,RSA,2048,TLSv1.2,production,Infrastructure,platform-team@tejomaya.example,2025-10-07,2026-11-09,infra subsystem
int-npci-169 tls key exchange,int-npci-169.tejomaya.internal:443,tls_key_exchange,ECDHE,256,TLSv1.3,production,Payments,payments-platform@tejomaya.example,2026-01-21,2028-01-21,npci subsystem
rpt-channels-106 tls certificate,rpt-channels-106.tejomaya.internal:443,tls_certificate,ECDSA,256,TLSv1.3,production,Digital Channels,identity-team@tejomaya.example,2026-03-18,2027-04-20,channels subsystem
PKI device identity 010,pki-fleet-010.tejomaya.internal,device_identity,ECDSA,256,,staging,PKI,,2021-09-11,2029-09-09,pki subsystem
Treasury token signing key 135,/opt/idp/treasury-jwt-signing-135.pem,token_signing,RSA,2048,,production,Treasury,,2026-05-03,2028-05-02,treasury subsystem
mq-atm-229 tls key exchange,mq-atm-229.tejomaya.internal:443,tls_key_exchange,ECDHE,256,TLSv1.3,staging,ATM Estate,atm-engineering@tejomaya.example,2026-03-29,2028-03-28,atm subsystem
sso-npci-199 tls certificate,sso-npci-199.tejomaya.internal:443,tls_certificate,ECDSA,256,TLSv1.3,dr,Payments,payments-platform@tejomaya.example,2025-08-31,2026-10-03,npci subsystem
batch-lending-075 tls certificate,batch-lending-075.tejomaya.internal:443,tls_certificate,ECDSA,256,TLSv1.3,production,Lending,lending-eng@tejomaya.example,2026-05-28,2027-06-30,lending subsystem
Treasury source call site 156,services/treasury/admin_handler.py:387,source,RSA,2048,,production,Treasury,treasury-tech@tejomaya.example,2024-09-25,2026-09-25,treasury subsystem
web-cards-220 tls certificate,web-cards-220.tejomaya.internal:443,tls_certificate,RSA,2048,TLSv1.2,staging,Cards,,2026-02-02,2027-03-07,cards subsystem
etl-channels-050 tls key exchange,etl-channels-050.tejomaya.internal:443,tls_key_exchange,ECDHE,256,TLSv1.3,production,Digital Channels,identity-team@tejomaya.example,2025-08-11,2027-08-11,channels subsystem
portal-infra-020 tls certificate,portal-infra-020.tejomaya.internal:443,tls_certificate,RSA,2048,TLSv1.2,dr,Infrastructure,platform-team@tejomaya.example,2026-04-06,2027-05-09,infra subsystem
cache-lending-060 tls certificate,cache-lending-060.tejomaya.internal:443,tls_certificate,ECDSA,256,TLSv1.3,production,Lending,lending-eng@tejomaya.example,2026-04-03,2027-05-06,lending subsystem
PKI token signing key 155,/opt/idp/pki-jwt-signing-155.pem,token_signing,RSA,2048,,production,PKI,pki-team@tejomaya.example,2026-01-24,2028-01-24,pki subsystem
SSH host key admin-062,/etc/ssh/ssh_host_key_admin-062,ssh_key,RSA,2048,,dr,PKI,pki-team@tejomaya.example,2025-01-01,2027-01-01,pki subsystem
batch-atm-068 tls certificate,batch-atm-068.tejomaya.internal:443,tls_certificate,RSA,2048,TLSv1.2,production,ATM Estate,atm-engineering@tejomaya.example,2026-05-09,2027-06-11,atm subsystem
app-treasury-221 tls key exchange,app-treasury-221.tejomaya.internal:443,tls_key_exchange,X25519,256,TLSv1.3,staging,Treasury,,2024-11-08,2026-11-08,treasury subsystem
cache-npci-038 tls key exchange,cache-npci-038.tejomaya.internal:443,tls_key_exchange,ECDHE,256,TLSv1.3,staging,Payments,payments-platform@tejomaya.example,2025-06-26,2027-06-26,npci subsystem
auth-infra-157 tls key exchange,auth-infra-157.tejomaya.internal:443,tls_key_exchange,ECDHE,256,TLSv1.3,production,Infrastructure,,2025-05-31,2027-05-31,infra subsystem
gw-treasury-202 config,gw-treasury-202.tejomaya.internal:443,config,3DES,168,TLSv1.0,production,Treasury,treasury-tech@tejomaya.example,2025-08-09,2027-08-09,treasury subsystem
api-atm-112 tls certificate,api-atm-112.tejomaya.internal:443,tls_certificate,RSA,2048,TLSv1.2,production,ATM Estate,atm-engineering@tejomaya.example,2026-07-27,2027-08-29,atm subsystem
cache-channels-126 database tls,cache-channels-126.tejomaya.internal:443,database_tls,AES,256,,production,Digital Channels,identity-team@tejomaya.example,2025-06-27,2027-06-27,channels subsystem
etl-upi-211 tls certificate,etl-upi-211.tejomaya.internal:443,tls_certificate,ECDSA,256,TLSv1.3,production,Payments,payments-platform@tejomaya.example,2026-05-13,2027-06-15,upi subsystem
batch-atm-023 tls certificate,batch-atm-023.tejomaya.internal:443,tls_certificate,RSA,2048,TLSv1.2,staging,ATM Estate,,2026-03-07,2027-04-09,atm subsystem
Digital Channels release signing key 48,/opt/ci/channels-release-signing-48.pem,code_signing,RSA,3072,,production,Digital Channels,identity-team@tejomaya.example,2024-05-18,2027-05-18,channels subsystem
auth-channels-108 config,auth-channels-108.tejomaya.internal:443,config,TLS_RSA_WITH_AES_128_CBC_SHA256,128,TLSv1.2,production,Digital Channels,identity-team@tejomaya.example,2025-02-15,2027-02-15,channels subsystem
PKI IPsec tunnel 179,vpn-pki-179.tejomaya.internal,vpn_ipsec,DH,2048,,production,PKI,,2025-10-31,2027-10-31,pki subsystem
auth-pki-103 tls certificate,auth-pki-103.tejomaya.internal:443,tls_certificate,RSA,2048,TLSv1.2,production,PKI,pki-team@tejomaya.example,2026-02-24,2027-03-29,pki subsystem
gw-channels-080 tls key exchange,gw-channels-080.tejomaya.internal:443,tls_key_exchange,ECDHE,256,TLSv1.3,production,Digital Channels,identity-team@tejomaya.example,2025-09-20,2027-09-20,channels subsystem
Infrastructure source call site 194,services/infra/db_handler.py:45,source,SHA-1,160,,production,Infrastructure,platform-team@tejomaya.example,2024-12-30,2026-12-30,infra subsystem
int-channels-059 database tls,int-channels-059.tejomaya.internal:443,database_tls,AES,256,,staging,Digital Channels,identity-team@tejomaya.example,2025-10-28,2027-10-28,channels subsystem
SSH host key portal-168,/etc/ssh/ssh_host_key_portal-168,ssh_key,RSA,2048,,production,Payments,payments-platform@tejomaya.example,2025-07-06,2027-07-06,upi subsystem
portal-atm-163 tls key exchange,portal-atm-163.tejomaya.internal:443,tls_key_exchange,ECDHE,256,TLSv1.3,production,ATM Estate,,2025-08-08,2027-08-08,atm subsystem
etl-npci-072 tls cipher suite,etl-npci-072.tejomaya.internal:443,tls_cipher_suite,TLS_ECDHE_RSA_WITH_AES_256_GCM_SHA384,256,TLSv1.2,staging,Payments,payments-platform@tejomaya.example,2025-07-21,2027-07-21,npci subsystem
rpt-upi-031 config,rpt-upi-031.tejomaya.internal:443,config,3DES,168,TLSv1.0,dr,Payments,payments-platform@tejomaya.example,2024-12-23,2026-12-23,upi subsystem
sso-corebank-207 tls certificate,sso-corebank-207.tejomaya.internal:443,tls_certificate,RSA,2048,TLSv1.2,production,Core Banking,corebank-ops@tejomaya.example,2026-07-27,2027-08-29,corebank subsystem
Digital Channels token signing key 121,/opt/idp/channels-jwt-signing-121.pem,token_signing,RSA,2048,,production,Digital Channels,,2025-03-26,2027-03-26,channels subsystem
Core Banking source call site 071,services/corebank/auth_handler.py:197,source,MD5,128,,dr,Core Banking,corebank-ops@tejomaya.example,2025-06-15,2027-06-15,corebank subsystem
svc-infra-059 tls key exchange,svc-infra-059.tejomaya.internal:443,tls_key_exchange,ECDHE,256,TLSv1.3,production,Infrastructure,platform-team@tejomaya.example,2025-06-10,2027-06-10,infra subsystem
svc-pki-208 tls certificate,svc-pki-208.tejomaya.internal:443,tls_certificate,RSA,2048,TLSv1.2,production,PKI,pki-team@tejomaya.example,2026-05-12,2027-06-14,pki subsystem
SSH host key admin-125,/etc/ssh/ssh_host_key_admin-125,ssh_key,RSA,2048,,production,ATM Estate,atm-engineering@tejomaya.example,2026-04-07,2028-04-06,atm subsystem
rpt-npci-192 tls key exchange,rpt-npci-192.tejomaya.internal:443,tls_key_exchange,ECDHE,256,TLSv1.3,production,Payments,payments-platform@tejomaya.example,2025-01-04,2027-01-04,npci subsystem
auth-atm-061 tls certificate,auth-atm-061.tejomaya.internal:443,tls_certificate,RSA,2048,TLSv1.2,dr,ATM Estate,atm-engineering@tejomaya.example,2026-07-05,2027-08-07,atm subsystem
svc-atm-180 tls certificate,svc-atm-180.tejomaya.internal:443,tls_certificate,RSA,2048,TLSv1.2,production,ATM Estate,atm-engineering@tejomaya.example,2025-09-06,2026-10-09,atm subsystem
gw-channels-006 tls certificate,gw-channels-006.tejomaya.internal:443,tls_certificate,RSA,2048,TLSv1.2,production,Digital Channels,identity-team@tejomaya.example,2026-01-07,2027-02-09,channels subsystem
Infrastructure backup key 037,/opt/backup/infra-archive-037.key,backup_encryption,AES,256,,production,Infrastructure,platform-team@tejomaya.example,2026-01-07,2028-01-07,infra subsystem
db-treasury-208 tls certificate,db-treasury-208.tejomaya.internal:443,tls_certificate,RSA,2048,TLSv1.2,production,Treasury,treasury-tech@tejomaya.example,2026-08-12,2027-09-14,treasury subsystem
batch-atm-221 tls certificate,batch-atm-221.tejomaya.internal:443,tls_certificate,RSA,2048,TLSv1.2,staging,ATM Estate,atm-engineering@tejomaya.example,2026-06-19,2027-07-22,atm subsystem
Payments IPsec tunnel 151,vpn-upi-151.tejomaya.internal,vpn_ipsec,DH,2048,,dr,Payments,payments-platform@tejomaya.example,2025-06-13,2027-06-13,upi subsystem
web-npci-034 tls certificate,web-npci-034.tejomaya.internal:443,tls_certificate,ECDSA,256,TLSv1.3,dr,Payments,payments-platform@tejomaya.example,2026-06-09,2027-07-12,npci subsystem
int-infra-116 tls key exchange,int-infra-116.tejomaya.internal:443,tls_key_exchange,X25519,256,TLSv1.3,staging,Infrastructure,,2025-07-07,2027-07-07,infra subsystem
svc-npci-233 tls certificate,svc-npci-233.tejomaya.internal:443,tls_certificate,ECDSA,256,TLSv1.3,production,Payments,payments-platform@tejomaya.example,2026-04-13,2027-05-16,npci subsystem
etl-lending-162 tls certificate,etl-lending-162.tejomaya.internal:443,tls_certificate,ECDSA,256,TLSv1.3,dr,Lending,lending-eng@tejomaya.example,2026-04-28,2027-05-31,lending subsystem
cache-upi-019 tls key exchange,cache-upi-019.tejomaya.internal:443,tls_key_exchange,ECDHE,256,TLSv1.3,production,Payments,payments-platform@tejomaya.example,2025-12-25,2027-12-25,upi subsystem
etl-atm-204 tls certificate,etl-atm-204.tejomaya.internal:443,tls_certificate,ECDSA,256,TLSv1.3,production,ATM Estate,atm-engineering@tejomaya.example,2026-02-10,2027-03-15,atm subsystem
PKI IPsec tunnel 79,vpn-pki-79.tejomaya.internal,vpn_ipsec,DH,2048,,dr,PKI,pki-team@tejomaya.example,2025-04-19,2027-04-19,pki subsystem
sso-infra-109 tls key exchange,sso-infra-109.tejomaya.internal:443,tls_key_exchange,ECDHE,256,TLSv1.3,dr,Infrastructure,platform-team@tejomaya.example,2026-08-05,2028-08-04,infra subsystem
db-channels-115 tls certificate,db-channels-115.tejomaya.internal:443,tls_certificate,RSA,2048,TLSv1.2,production,Digital Channels,identity-team@tejomaya.example,2025-07-07,2026-08-09,channels subsystem
api-lending-199 tls key exchange,api-lending-199.tejomaya.internal:443,tls_key_exchange,ECDHE,256,TLSv1.3,production,Lending,lending-eng@tejomaya.example,2026-08-15,2028-08-14,lending subsystem
gw-treasury-083 tls certificate,gw-treasury-083.tejomaya.internal:443,tls_certificate,RSA,2048,TLSv1.2,production,Treasury,treasury-tech@tejomaya.example,2025-09-22,2026-10-25,treasury subsystem
Lending source call site 150,services/lending/edge_handler.py:301,source,RSA,2048,,staging,Lending,lending-eng@tejomaya.example,2026-08-20,2028-08-19,lending subsystem
admin-lending-107 tls certificate,admin-lending-107.tejomaya.internal:443,tls_certificate,RSA,2048,TLSv1.2,staging,Lending,lending-eng@tejomaya.example,2026-01-11,2027-02-13,lending subsystem
notify-channels-195 config,notify-channels-195.tejomaya.internal:443,config,TLS_RSA_WITH_AES_128_CBC_SHA256,128,TLSv1.2,production,Digital Channels,identity-team@tejomaya.example,2025-02-16,2027-02-16,channels subsystem
api-treasury-039 database tls,api-treasury-039.tejomaya.internal:443,database_tls,AES,256,,staging,Treasury,treasury-tech@tejomaya.example,2026-01-22,2028-01-22,treasury subsystem
auth-infra-135 tls key exchange,auth-infra-135.tejomaya.internal:443,tls_key_exchange,ECDHE,256,TLSv1.3,dr,Infrastructure,platform-team@tejomaya.example,2024-08-28,2026-08-28,infra subsystem
web-atm-093 tls certificate,web-atm-093.tejomaya.internal:443,tls_certificate,ECDSA,256,TLSv1.3,production,ATM Estate,atm-engineering@tejomaya.example,2026-01-27,2027-03-01,atm subsystem
int-treasury-080 tls key exchange,int-treasury-080.tejomaya.internal:443,tls_key_exchange,ECDHE,256,TLSv1.3,production,Treasury,treasury-tech@tejomaya.example,2025-04-24,2027-04-24,treasury subsystem
notify-pki-024 tls certificate,notify-pki-024.tejomaya.internal:443,tls_certificate,RSA,2048,TLSv1.2,production,PKI,pki-team@tejomaya.example,2026-03-24,2027-04-26,pki subsystem
gw-pki-179 tls certificate,gw-pki-179.tejomaya.internal:443,tls_certificate,RSA,2048,TLSv1.2,staging,PKI,pki-team@tejomaya.example,2026-02-07,2027-03-12,pki subsystem
api-treasury-106 tls certificate,api-treasury-106.tejomaya.internal:443,tls_certificate,RSA,2048,TLSv1.2,production,Treasury,treasury-tech@tejomaya.example,2026-04-15,2027-05-18,treasury subsystem
db-atm-128 tls cipher suite,db-atm-128.tejomaya.internal:443,tls_cipher_suite,TLS_ECDHE_RSA_WITH_AES_256_GCM_SHA384,256,TLSv1.2,dr,ATM Estate,atm-engineering@tejomaya.example,2026-02-18,2028-02-18,atm subsystem
admin-cards-207 tls cipher suite,admin-cards-207.tejomaya.internal:443,tls_cipher_suite,TLS_ECDHE_RSA_WITH_AES_256_GCM_SHA384,256,TLSv1.2,production,Cards,cards-engineering@tejomaya.example,2024-09-25,2026-09-25,cards subsystem
gw-upi-127 tls key exchange,gw-upi-127.tejomaya.internal:443,tls_key_exchange,ECDHE,256,TLSv1.3,production,Payments,,2026-03-22,2028-03-21,upi subsystem
etl-npci-017 tls certificate,etl-npci-017.tejomaya.internal:443,tls_certificate,RSA,2048,TLSv1.2,production,Payments,payments-platform@tejomaya.example,2026-03-17,2027-04-19,npci subsystem
edge-pki-093 tls certificate,edge-pki-093.tejomaya.internal:443,tls_certificate,RSA,2048,TLSv1.2,staging,PKI,,2025-07-21,2026-08-23,pki subsystem
api-treasury-036 tls cipher suite,api-treasury-036.tejomaya.internal:443,tls_cipher_suite,TLS_ECDHE_RSA_WITH_AES_256_GCM_SHA384,256,TLSv1.2,production,Treasury,treasury-tech@tejomaya.example,2025-12-30,2027-12-30,treasury subsystem
PKI source call site 123,services/pki/api_handler.py:26,source,RSA,2048,,production,PKI,pki-team@tejomaya.example,2024-08-25,2026-08-25,pki subsystem
mq-infra-028 tls certificate,mq-infra-028.tejomaya.internal:443,tls_certificate,ECDSA,256,TLSv1.3,production,Infrastructure,,2026-04-08,2027-05-11,infra subsystem
batch-pki-055 tls certificate,batch-pki-055.tejomaya.internal:443,tls_certificate,RSA,2048,TLSv1.2,production,PKI,,2026-04-05,2027-05-08,pki subsystem
api-channels-039 database tls,api-channels-039.tejomaya.internal:443,database_tls,AES,256,,dr,Digital Channels,identity-team@tejomaya.example,2025-04-30,2027-04-30,channels subsystem
auth-lending-009 tls key exchange,auth-lending-009.tejomaya.internal:443,tls_key_exchange,X25519MLKEM768,256,TLSv1.3,staging,Lending,,2024-11-15,2026-11-15,lending subsystem
db-upi-169 tls key exchange,db-upi-169.tejomaya.internal:443,tls_key_exchange,ECDHE,256,TLSv1.3,production,Payments,payments-platform@tejomaya.example,2026-03-28,2028-03-27,upi subsystem
web-channels-011 tls key exchange,web-channels-011.tejomaya.internal:443,tls_key_exchange,X25519,256,TLSv1.3,production,Digital Channels,identity-team@tejomaya.example,2024-12-30,2026-12-30,channels subsystem
ATM Estate source call site 170,services/atm/db_handler.py:108,source,MD5,128,,dr,ATM Estate,atm-engineering@tejomaya.example,2024-10-14,2026-10-14,atm subsystem
int-npci-132 tls certificate,int-npci-132.tejomaya.internal:443,tls_certificate,RSA,2048,TLSv1.2,staging,Payments,payments-platform@tejomaya.example,2026-06-19,2027-07-22,npci subsystem
gw-upi-167 tls certificate,gw-upi-167.tejomaya.internal:443,tls_certificate,RSA,2048,TLSv1.2,production,Payments,payments-platform@tejomaya.example,2026-05-28,2027-06-30,upi subsystem
web-cards-179 tls key exchange,web-cards-179.tejomaya.internal:443,tls_key_exchange,ECDHE,256,TLSv1.3,dr,Cards,cards-engineering@tejomaya.example,2024-07-22,2026-07-22,cards subsystem
admin-corebank-055 tls certificate,admin-corebank-055.tejomaya.internal:443,tls_certificate,RSA,2048,TLSv1.2,staging,Core Banking,corebank-ops@tejomaya.example,2025-08-02,2026-09-04,corebank subsystem
edge-infra-075 config,edge-infra-075.tejomaya.internal:443,config,3DES,168,TLSv1.0,production,Infrastructure,platform-team@tejomaya.example,2024-08-26,2026-08-26,infra subsystem
admin-npci-143 config,admin-npci-143.tejomaya.internal:443,config,TLS_RSA_WITH_AES_128_CBC_SHA256,128,TLSv1.2,dr,Payments,,2025-11-30,2027-11-30,npci subsystem
mq-pki-115 tls key exchange,mq-pki-115.tejomaya.internal:443,tls_key_exchange,ECDHE,256,TLSv1.3,production,PKI,pki-team@tejomaya.example,2025-04-18,2027-04-18,pki subsystem
cache-pki-140 tls key exchange,cache-pki-140.tejomaya.internal:443,tls_key_exchange,X25519,256,TLSv1.3,production,PKI,pki-team@tejomaya.example,2026-02-11,2028-02-11,pki subsystem
auth-cards-086 tls certificate,auth-cards-086.tejomaya.internal:443,tls_certificate,ECDSA,256,TLSv1.3,staging,Cards,,2026-01-04,2027-02-06,cards subsystem
batch-lending-203 tls certificate,batch-lending-203.tejomaya.internal:443,tls_certificate,RSA,2048,TLSv1.2,production,Lending,lending-eng@tejomaya.example,2026-05-30,2027-07-02,lending subsystem
portal-lending-138 tls cipher suite,portal-lending-138.tejomaya.internal:443,tls_cipher_suite,TLS_ECDHE_RSA_WITH_AES_256_GCM_SHA384,256,TLSv1.2,production,Lending,,2026-06-25,2028-06-24,lending subsystem
sso-infra-074 tls certificate,sso-infra-074.tejomaya.internal:443,tls_certificate,ECDSA,256,TLSv1.3,production,Infrastructure,platform-team@tejomaya.example,2026-05-30,2027-07-02,infra subsystem
notify-infra-074 tls certificate,notify-infra-074.tejomaya.internal:443,tls_certificate,ECDSA,256,TLSv1.3,production,Infrastructure,,2026-02-15,2027-03-20,infra subsystem
int-npci-164 tls cipher suite,int-npci-164.tejomaya.internal:443,tls_cipher_suite,TLS_ECDHE_RSA_WITH_AES_256_GCM_SHA384,256,TLSv1.2,staging,Payments,payments-platform@tejomaya.example,2025-02-27,2027-02-27,npci subsystem
gw-cards-006 tls certificate,gw-cards-006.tejomaya.internal:443,tls_certificate,ECDSA,256,TLSv1.3,production,Cards,cards-engineering@tejomaya.example,2026-08-19,2027-09-21,cards subsystem
portal-upi-203 tls key exchange,portal-upi-203.tejomaya.internal:443,tls_key_exchange,X25519,256,TLSv1.3,dr,Payments,payments-platform@tejomaya.example,2025-10-01,2027-10-01,upi subsystem
SSH host key notify-139,/etc/ssh/ssh_host_key_notify-139,ssh_key,RSA,2048,,dr,Core Banking,,2026-01-26,2028-01-26,corebank subsystem
etl-cards-180 database tls,etl-cards-180.tejomaya.internal:443,database_tls,AES,256,,production,Cards,cards-engineering@tejomaya.example,2025-11-19,2027-11-19,cards subsystem
mq-channels-021 tls cipher suite,mq-channels-021.tejomaya.internal:443,tls_cipher_suite,TLS_ECDHE_RSA_WITH_AES_256_GCM_SHA384,256,TLSv1.2,staging,Digital Channels,identity-team@tejomaya.example,2025-02-15,2027-02-15,channels subsystem
int-corebank-189 tls certificate,int-corebank-189.tejomaya.internal:443,tls_certificate,ECDSA,256,TLSv1.3,production,Core Banking,corebank-ops@tejomaya.example,2025-11-28,2026-12-31,corebank subsystem
admin-lending-213 tls certificate,admin-lending-213.tejomaya.internal:443,tls_certificate,RSA,2048,TLSv1.2,production,Lending,lending-eng@tejomaya.example,2026-01-28,2027-03-02,lending subsystem
sso-corebank-179 tls key exchange,sso-corebank-179.tejomaya.internal:443,tls_key_exchange,X25519MLKEM768,256,TLSv1.3,production,Core Banking,corebank-ops@tejomaya.example,2026-08-15,2028-08-14,corebank subsystem
int-npci-218 tls key exchange,int-npci-218.tejomaya.internal:443,tls_key_exchange,ECDHE,256,TLSv1.3,production,Payments,payments-platform@tejomaya.example,2025-09-28,2027-09-28,npci subsystem
SSH host key cache-021,/etc/ssh/ssh_host_key_cache-021,ssh_key,RSA,2048,,production,Core Banking,corebank-ops@tejomaya.example,2026-03-26,2028-03-25,corebank subsystem
sso-channels-117 tls certificate,sso-channels-117.tejomaya.internal:443,tls_certificate,RSA,2048,TLSv1.2,staging,Digital Channels,identity-team@tejomaya.example,2025-11-24,2026-12-27,channels subsystem
svc-cards-117 tls certificate,svc-cards-117.tejomaya.internal:443,tls_certificate,ECDSA,256,TLSv1.3,production,Cards,cards-engineering@tejomaya.example,2026-02-16,2027-03-21,cards subsystem
int-treasury-052 tls certificate,int-treasury-052.tejomaya.internal:443,tls_certificate,RSA,2048,TLSv1.2,production,Treasury,treasury-tech@tejomaya.example,2026-08-10,2027-09-12,treasury subsystem
api-upi-116 tls certificate,api-upi-116.tejomaya.internal:443,tls_certificate,RSA,2048,TLSv1.2,staging,Payments,payments-platform@tejomaya.example,2026-04-06,2027-05-09,upi subsystem
web-cards-117 tls certificate,web-cards-117.tejomaya.internal:443,tls_certificate,RSA,2048,TLSv1.2,production,Cards,cards-engineering@tejomaya.example,2026-01-06,2027-02-08,cards subsystem
rpt-upi-130 tls certificate,rpt-upi-130.tejomaya.internal:443,tls_certificate,ECDSA,256,TLSv1.3,production,Payments,,2026-01-20,2027-02-22,upi subsystem
db-npci-057 tls certificate,db-npci-057.tejomaya.internal:443,tls_certificate,RSA,2048,TLSv1.2,staging,Payments,payments-platform@tejomaya.example,2026-05-23,2027-06-25,npci subsystem
notify-lending-087 tls certificate,notify-lending-087.tejomaya.internal:443,tls_certificate,RSA,2048,TLSv1.2,staging,Lending,lending-eng@tejomaya.example,2026-02-16,2027-03-21,lending subsystem
gw-pki-191 tls key exchange,gw-pki-191.tejomaya.internal:443,tls_key_exchange,ECDHE,256,TLSv1.3,production,PKI,pki-team@tejomaya.example,2026-08-21,2028-08-20,pki subsystem
gw-npci-239 tls certificate,gw-npci-239.tejomaya.internal:443,tls_certificate,RSA,2048,TLSv1.2,production,Payments,,2026-05-19,2027-06-21,npci subsystem
etl-pki-203 tls cipher suite,etl-pki-203.tejomaya.internal:443,tls_cipher_suite,TLS_ECDHE_RSA_WITH_AES_256_GCM_SHA384,256,TLSv1.2,production,PKI,pki-team@tejomaya.example,2024-12-24,2026-12-24,pki subsystem
Core Banking release signing key 31,/opt/ci/corebank-release-signing-31.pem,code_signing,RSA,3072,,production,Core Banking,corebank-ops@tejomaya.example,2025-10-02,2028-10-01,corebank subsystem
svc-infra-121 tls certificate,svc-infra-121.tejomaya.internal:443,tls_certificate,ECDSA,256,TLSv1.3,staging,Infrastructure,platform-team@tejomaya.example,2026-06-19,2027-07-22,infra subsystem
etl-pki-007 database tls,etl-pki-007.tejomaya.internal:443,database_tls,AES,256,,staging,PKI,pki-team@tejomaya.example,2025-03-05,2027-03-05,pki subsystem
gw-infra-094 tls key exchange,gw-infra-094.tejomaya.internal:443,tls_key_exchange,ECDHE,256,TLSv1.3,staging,Infrastructure,,2026-01-02,2028-01-02,infra subsystem
admin-infra-206 tls certificate,admin-infra-206.tejomaya.internal:443,tls_certificate,RSA,2048,TLSv1.2,dr,Infrastructure,platform-team@tejomaya.example,2026-06-08,2027-07-11,infra subsystem
db-corebank-089 database tls,db-corebank-089.tejomaya.internal:443,database_tls,AES,256,,production,Core Banking,corebank-ops@tejomaya.example,2024-10-12,2026-10-12,corebank subsystem
notify-upi-138 tls certificate,notify-upi-138.tejomaya.internal:443,tls_certificate,RSA,2048,TLSv1.2,production,Payments,payments-platform@tejomaya.example,2025-12-31,2027-02-02,upi subsystem
SSH host key api-014,/etc/ssh/ssh_host_key_api-014,ssh_key,RSA,2048,,dr,Cards,cards-engineering@tejomaya.example,2025-11-30,2027-11-30,cards subsystem
app-upi-137 tls certificate,app-upi-137.tejomaya.internal:443,tls_certificate,RSA,2048,TLSv1.2,production,Payments,payments-platform@tejomaya.example,2026-03-23,2027-04-25,upi subsystem
edge-pki-189 tls key exchange,edge-pki-189.tejomaya.internal:443,tls_key_exchange,ECDHE,256,TLSv1.3,staging,PKI,pki-team@tejomaya.example,2025-04-10,2027-04-10,pki subsystem
rpt-npci-034 tls certificate,rpt-npci-034.tejomaya.internal:443,tls_certificate,RSA,2048,TLSv1.2,production,Payments,payments-platform@tejomaya.example,2025-11-18,2026-12-21,npci subsystem
web-infra-156 tls key exchange,web-infra-156.tejomaya.internal:443,tls_key_exchange,ECDHE,256,TLSv1.3,staging,Infrastructure,platform-team@tejomaya.example,2025-12-08,2027-12-08,infra subsystem
notify-lending-070 database tls,notify-lending-070.tejomaya.internal:443,database_tls,AES,256,,staging,Lending,lending-eng@tejomaya.example,2025-12-18,2027-12-18,lending subsystem
api-atm-165 tls certificate,api-atm-165.tejomaya.internal:443,tls_certificate,ECDSA,256,TLSv1.3,dr,ATM Estate,atm-engineering@tejomaya.example,2025-12-31,2027-02-02,atm subsystem
edge-upi-125 tls certificate,edge-upi-125.tejomaya.internal:443,tls_certificate,RSA,2048,TLSv1.2,production,Payments,,2026-06-25,2027-07-28,upi subsystem
app-pki-067 tls key exchange,app-pki-067.tejomaya.internal:443,tls_key_exchange,ECDHE,256,TLSv1.3,production,PKI,pki-team@tejomaya.example,2025-02-09,2027-02-09,pki subsystem
gw-pki-211 tls certificate,gw-pki-211.tejomaya.internal:443,tls_certificate,ECDSA,256,TLSv1.3,production,PKI,pki-team@tejomaya.example,2026-05-23,2027-06-25,pki subsystem
Cards token signing key 208,/opt/idp/cards-jwt-signing-208.pem,token_signing,RSA,2048,,production,Cards,cards-engineering@tejomaya.example,2025-11-04,2027-11-04,cards subsystem
notify-upi-014 tls certificate,notify-upi-014.tejomaya.internal:443,tls_certificate,RSA,2048,TLSv1.2,production,Payments,,2025-08-21,2026-09-23,upi subsystem
cache-atm-228 tls certificate,cache-atm-228.tejomaya.internal:443,tls_certificate,ECDSA,256,TLSv1.3,production,ATM Estate,atm-engineering@tejomaya.example,2026-05-10,2027-06-12,atm subsystem
edge-corebank-190 tls cipher suite,edge-corebank-190.tejomaya.internal:443,tls_cipher_suite,TLS_ECDHE_RSA_WITH_AES_256_GCM_SHA384,256,TLSv1.2,production,Core Banking,corebank-ops@tejomaya.example,2024-08-23,2026-08-23,corebank subsystem
gw-channels-093 tls certificate,gw-channels-093.tejomaya.internal:443,tls_certificate,RSA,2048,TLSv1.2,production,Digital Channels,identity-team@tejomaya.example,2026-01-14,2027-02-16,channels subsystem
web-npci-151 tls key exchange,web-npci-151.tejomaya.internal:443,tls_key_exchange,ECDHE,256,TLSv1.3,production,Payments,payments-platform@tejomaya.example,2025-07-17,2027-07-17,npci subsystem
sso-channels-232 tls certificate,sso-channels-232.tejomaya.internal:443,tls_certificate,RSA,2048,TLSv1.2,dr,Digital Channels,identity-team@tejomaya.example,2025-12-20,2027-01-22,channels subsystem
svc-treasury-101 tls certificate,svc-treasury-101.tejomaya.internal:443,tls_certificate,RSA,2048,TLSv1.2,production,Treasury,treasury-tech@tejomaya.example,2026-05-15,2027-06-17,treasury subsystem
mq-lending-066 tls key exchange,mq-lending-066.tejomaya.internal:443,tls_key_exchange,X25519MLKEM768,256,TLSv1.3,production,Lending,lending-eng@tejomaya.example,2026-02-06,2028-02-06,lending subsystem
PKI firmware signing key 131,hsm://fw-hsm-01/slot0/firmware-sign,firmware_signing,RSA,3072,,production,PKI,pki-team@tejomaya.example,2022-09-20,2034-09-17,pki subsystem
UPI firmware signing key 228,hsm://fw-hsm-03/slot0/firmware-sign,firmware_signing,RSA,3072,,production,Payments,payments-platform@tejomaya.example,2020-08-28,2032-08-25,upi subsystem
batch-channels-127 tls key exchange,batch-channels-127.tejomaya.internal:443,tls_key_exchange,ECDHE,256,TLSv1.3,dr,Digital Channels,identity-team@tejomaya.example,2025-08-07,2027-08-07,channels subsystem
sso-cards-070 tls certificate,sso-cards-070.tejomaya.internal:443,tls_certificate,RSA,2048,TLSv1.2,production,Cards,cards-engineering@tejomaya.example,2026-07-03,2027-08-05,cards subsystem
auth-upi-026 tls certificate,auth-upi-026.tejomaya.internal:443,tls_certificate,RSA,2048,TLSv1.2,production,Payments,payments-platform@tejomaya.example,2025-12-30,2027-02-01,upi subsystem
ATM Estate backup key 129,/opt/backup/atm-archive-129.key,backup_encryption,AES,256,,production,ATM Estate,atm-engineering@tejomaya.example,2026-03-25,2028-03-24,atm subsystem
mq-treasury-100 tls certificate,mq-treasury-100.tejomaya.internal:443,tls_certificate,RSA,2048,TLSv1.2,production,Treasury,treasury-tech@tejomaya.example,2026-03-29,2027-05-01,treasury subsystem
db-atm-234 tls key exchange,db-atm-234.tejomaya.internal:443,tls_key_exchange,X25519,256,TLSv1.3,production,ATM Estate,atm-engineering@tejomaya.example,2026-06-05,2028-06-04,atm subsystem
admin-corebank-202 tls key exchange,admin-corebank-202.tejomaya.internal:443,tls_key_exchange,X25519,256,TLSv1.3,production,Core Banking,,2024-12-24,2026-12-24,corebank subsystem
Payment HSM key 169,hsm://payment-hsm-07/slot1/key,payment_hsm,RSA,2048,,production,Payments,payments-platform@tejomaya.example,2026-01-06,2028-01-06,npci subsystem
web-cards-036 tls key exchange,web-cards-036.tejomaya.internal:443,tls_key_exchange,ECDHE,256,TLSv1.3,production,Cards,,2026-03-23,2028-03-22,cards subsystem
rpt-upi-235 tls certificate,rpt-upi-235.tejomaya.internal:443,tls_certificate,ECDSA,256,TLSv1.3,production,Payments,payments-platform@tejomaya.example,2026-08-13,2027-09-15,upi subsystem
batch-treasury-050 tls cipher suite,batch-treasury-050.tejomaya.internal:443,tls_cipher_suite,TLS_ECDHE_RSA_WITH_AES_256_GCM_SHA384,256,TLSv1.2,production,Treasury,treasury-tech@tejomaya.example,2025-07-25,2027-07-25,treasury subsystem
cache-pki-100 tls cipher suite,cache-pki-100.tejomaya.internal:443,tls_cipher_suite,TLS_ECDHE_RSA_WITH_AES_256_GCM_SHA384,256,TLSv1.2,production,PKI,pki-team@tejomaya.example,2026-03-20,2028-03-19,pki subsystem
auth-upi-032 tls certificate,auth-upi-032.tejomaya.internal:443,tls_certificate,RSA,2048,TLSv1.2,staging,Payments,payments-platform@tejomaya.example,2026-01-20,2027-02-22,upi subsystem
gw-corebank-133 tls certificate,gw-corebank-133.tejomaya.internal:443,tls_certificate,RSA,2048,TLSv1.2,production,Core Banking,corebank-ops@tejomaya.example,2026-03-23,2027-04-25,corebank subsystem
sso-pki-101 database tls,sso-pki-101.tejomaya.internal:443,database_tls,AES,256,,dr,PKI,pki-team@tejomaya.example,2026-07-18,2028-07-17,pki subsystem
svc-treasury-139 tls cipher suite,svc-treasury-139.tejomaya.internal:443,tls_cipher_suite,TLS_ECDHE_RSA_WITH_AES_256_GCM_SHA384,256,TLSv1.2,dr,Treasury,treasury-tech@tejomaya.example,2024-12-29,2026-12-29,treasury subsystem
portal-corebank-165 tls cipher suite,portal-corebank-165.tejomaya.internal:443,tls_cipher_suite,TLS_ECDHE_RSA_WITH_AES_256_GCM_SHA384,256,TLSv1.2,production,Core Banking,corebank-ops@tejomaya.example,2024-12-29,2026-12-29,corebank subsystem
int-infra-191 database tls,int-infra-191.tejomaya.internal:443,database_tls,AES,256,,production,Infrastructure,platform-team@tejomaya.example,2024-09-01,2026-09-01,infra subsystem
portal-treasury-051 tls certificate,portal-treasury-051.tejomaya.internal:443,tls_certificate,RSA,2048,TLSv1.2,production,Treasury,,2026-05-08,2027-06-10,treasury subsystem
app-channels-018 tls certificate,app-channels-018.tejomaya.internal:443,tls_certificate,ECDSA,256,TLSv1.3,production,Digital Channels,identity-team@tejomaya.example,2025-07-10,2026-08-12,channels subsystem
api-upi-213 tls key exchange,api-upi-213.tejomaya.internal:443,tls_key_exchange,ECDHE,256,TLSv1.3,staging,Payments,payments-platform@tejomaya.example,2026-05-16,2028-05-15,upi subsystem
api-npci-195 tls certificate,api-npci-195.tejomaya.internal:443,tls_certificate,RSA,2048,TLSv1.2,production,Payments,payments-platform@tejomaya.example,2026-07-04,2027-08-06,npci subsystem
cache-atm-222 tls certificate,cache-atm-222.tejomaya.internal:443,tls_certificate,RSA,2048,TLSv1.2,production,ATM Estate,,2026-07-29,2027-08-31,atm subsystem
edge-lending-131 tls cipher suite,edge-lending-131.tejomaya.internal:443,tls_cipher_suite,TLS_ECDHE_RSA_WITH_AES_256_GCM_SHA384,256,TLSv1.2,dr,Lending,lending-eng@tejomaya.example,2025-09-28,2027-09-28,lending subsystem
app-lending-038 tls certificate,app-lending-038.tejomaya.internal:443,tls_certificate,ECDSA,256,TLSv1.3,staging,Lending,lending-eng@tejomaya.example,2025-11-28,2026-12-31,lending subsystem
portal-upi-060 tls key exchange,portal-upi-060.tejomaya.internal:443,tls_key_exchange,ECDHE,256,TLSv1.3,production,Payments,,2025-10-09,2027-10-09,upi subsystem
auth-lending-137 tls key exchange,auth-lending-137.tejomaya.internal:443,tls_key_exchange,ECDHE,256,TLSv1.3,dr,Lending,lending-eng@tejomaya.example,2024-12-20,2026-12-20,lending subsystem
Cards token signing key 100,/opt/idp/cards-jwt-signing-100.pem,token_signing,RSA,2048,,staging,Cards,cards-engineering@tejomaya.example,2026-07-14,2028-07-13,cards subsystem
api-channels-042 tls certificate,api-channels-042.tejomaya.internal:443,tls_certificate,RSA,2048,TLSv1.2,production,Digital Channels,identity-team@tejomaya.example,2026-03-21,2027-04-23,channels subsystem
Digital Channels device identity 169,channels-fleet-169.tejomaya.internal,device_identity,ECDSA,256,,production,Digital Channels,identity-team@tejomaya.example,2026-06-20,2034-06-18,channels subsystem
svc-lending-079 tls certificate,svc-lending-079.tejomaya.internal:443,tls_certificate,ECDSA,256,TLSv1.3,production,Lending,lending-eng@tejomaya.example,2026-03-31,2027-05-03,lending subsystem
gw-atm-144 tls cipher suite,gw-atm-144.tejomaya.internal:443,tls_cipher_suite,TLS_ECDHE_RSA_WITH_AES_256_GCM_SHA384,256,TLSv1.2,staging,ATM Estate,atm-engineering@tejomaya.example,2025-07-01,2027-07-01,atm subsystem
int-pki-059 tls certificate,int-pki-059.tejomaya.internal:443,tls_certificate,RSA,2048,TLSv1.2,production,PKI,pki-team@tejomaya.example,2025-07-29,2026-08-31,pki subsystem
gw-upi-050 database tls,gw-upi-050.tejomaya.internal:443,database_tls,AES,256,,production,Payments,payments-platform@tejomaya.example,2025-06-17,2027-06-17,upi subsystem
notify-upi-201 tls key exchange,notify-upi-201.tejomaya.internal:443,tls_key_exchange,X25519,256,TLSv1.3,staging,Payments,payments-platform@tejomaya.example,2026-04-13,2028-04-12,upi subsystem
api-corebank-030 tls certificate,api-corebank-030.tejomaya.internal:443,tls_certificate,RSA,2048,TLSv1.2,production,Core Banking,corebank-ops@tejomaya.example,2025-10-01,2026-11-03,corebank subsystem
notify-channels-161 tls key exchange,notify-channels-161.tejomaya.internal:443,tls_key_exchange,X25519,256,TLSv1.3,production,Digital Channels,identity-team@tejomaya.example,2025-10-10,2027-10-10,channels subsystem
admin-infra-077 tls certificate,admin-infra-077.tejomaya.internal:443,tls_certificate,ECDSA,256,TLSv1.3,staging,Infrastructure,platform-team@tejomaya.example,2026-01-11,2027-02-13,infra subsystem
mq-cards-016 tls key exchange,mq-cards-016.tejomaya.internal:443,tls_key_exchange,ECDHE,256,TLSv1.3,dr,Cards,cards-engineering@tejomaya.example,2025-04-04,2027-04-04,cards subsystem
int-channels-183 tls key exchange,int-channels-183.tejomaya.internal:443,tls_key_exchange,ECDHE,256,TLSv1.3,production,Digital Channels,identity-team@tejomaya.example,2026-03-19,2028-03-18,channels subsystem
LENDING firmware signing key 113,hsm://fw-hsm-03/slot0/firmware-sign,firmware_signing,RSA,3072,,dr,Lending,lending-eng@tejomaya.example,2025-06-04,2037-06-01,lending subsystem
ATM Estate release signing key 06,/opt/ci/atm-release-signing-06.pem,code_signing,RSA,3072,,production,ATM Estate,atm-engineering@tejomaya.example,2026-02-13,2029-02-12,atm subsystem
gw-lending-153 tls certificate,gw-lending-153.tejomaya.internal:443,tls_certificate,RSA,2048,TLSv1.2,staging,Lending,lending-eng@tejomaya.example,2026-06-02,2027-07-05,lending subsystem
etl-channels-118 database tls,etl-channels-118.tejomaya.internal:443,database_tls,AES,256,,production,Digital Channels,,2025-04-08,2027-04-08,channels subsystem
mq-atm-168 database tls,mq-atm-168.tejomaya.internal:443,database_tls,AES,256,,production,ATM Estate,atm-engineering@tejomaya.example,2025-12-17,2027-12-17,atm subsystem
batch-npci-081 config,batch-npci-081.tejomaya.internal:443,config,TLS_RSA_WITH_AES_128_CBC_SHA256,128,TLSv1.2,production,Payments,payments-platform@tejomaya.example,2024-09-14,2026-09-14,npci subsystem
sso-cards-232 tls cipher suite,sso-cards-232.tejomaya.internal:443,tls_cipher_suite,TLS_ECDHE_RSA_WITH_AES_256_GCM_SHA384,256,TLSv1.2,production,Cards,cards-engineering@tejomaya.example,2025-12-17,2027-12-17,cards subsystem
sso-lending-189 tls key exchange,sso-lending-189.tejomaya.internal:443,tls_key_exchange,ECDHE,256,TLSv1.3,dr,Lending,lending-eng@tejomaya.example,2026-02-19,2028-02-19,lending subsystem
batch-upi-034 tls key exchange,batch-upi-034.tejomaya.internal:443,tls_key_exchange,ECDHE,256,TLSv1.3,dr,Payments,payments-platform@tejomaya.example,2025-03-22,2027-03-22,upi subsystem
ATM Estate token signing key 13,/opt/idp/atm-jwt-signing-13.pem,token_signing,RSA,2048,,dr,ATM Estate,atm-engineering@tejomaya.example,2026-03-31,2028-03-30,atm subsystem
SSH host key mq-202,/etc/ssh/ssh_host_key_mq-202,ssh_key,RSA,2048,,dr,Core Banking,corebank-ops@tejomaya.example,2025-07-28,2027-07-28,corebank subsystem
batch-cards-162 tls key exchange,batch-cards-162.tejomaya.internal:443,tls_key_exchange,ECDHE,256,TLSv1.3,production,Cards,cards-engineering@tejomaya.example,2025-08-13,2027-08-13,cards subsystem
SSH host key auth-113,/etc/ssh/ssh_host_key_auth-113,ssh_key,RSA,2048,,production,Payments,payments-platform@tejomaya.example,2024-07-21,2026-07-21,npci subsystem
portal-pki-126 tls certificate,portal-pki-126.tejomaya.internal:443,tls_certificate,ECDSA,256,TLSv1.3,production,PKI,pki-team@tejomaya.example,2026-08-02,2027-09-04,pki subsystem
int-upi-145 tls key exchange,int-upi-145.tejomaya.internal:443,tls_key_exchange,ECDHE,256,TLSv1.3,production,Payments,payments-platform@tejomaya.example,2026-04-07,2028-04-06,upi subsystem
Cards IPsec tunnel 109,vpn-cards-109.tejomaya.internal,vpn_ipsec,DH,2048,,dr,Cards,cards-engineering@tejomaya.example,2025-09-26,2027-09-26,cards subsystem
Payments backup key 091,/opt/backup/npci-archive-091.key,backup_encryption,AES,256,,dr,Payments,payments-platform@tejomaya.example,2025-02-08,2027-02-08,npci subsystem
Digital Channels source call site 214,services/channels/notify_handler.py:62,source,RSA,2048,,staging,Digital Channels,identity-team@tejomaya.example,2025-07-11,2027-07-11,channels subsystem
int-pki-157 tls cipher suite,int-pki-157.tejomaya.internal:443,tls_cipher_suite,TLS_ECDHE_RSA_WITH_AES_256_GCM_SHA384,256,TLSv1.2,production,PKI,pki-team@tejomaya.example,2025-01-11,2027-01-11,pki subsystem
notify-infra-033 tls certificate,notify-infra-033.tejomaya.internal:443,tls_certificate,RSA,2048,TLSv1.2,production,Infrastructure,platform-team@tejomaya.example,2025-12-12,2027-01-14,infra subsystem
admin-treasury-198 tls certificate,admin-treasury-198.tejomaya.internal:443,tls_certificate,RSA,2048,TLSv1.2,staging,Treasury,,2026-02-06,2027-03-11,treasury subsystem
Treasury token signing key 83,/opt/idp/treasury-jwt-signing-83.pem,token_signing,RSA,2048,,production,Treasury,treasury-tech@tejomaya.example,2025-07-12,2027-07-12,treasury subsystem
mq-cards-142 config,mq-cards-142.tejomaya.internal:443,config,TLS_RSA_WITH_AES_128_CBC_SHA256,128,TLSv1.2,production,Cards,cards-engineering@tejomaya.example,2025-07-17,2027-07-17,cards subsystem
cache-atm-173 tls certificate,cache-atm-173.tejomaya.internal:443,tls_certificate,ECDSA,256,TLSv1.3,dr,ATM Estate,,2026-03-13,2027-04-15,atm subsystem
Tejomaya Issuing CA - PKI,pki://tejomaya/issuing-ca-pki,issuing_ca,RSA,3072,,production,PKI,pki-team@tejomaya.example,2024-12-25,2032-12-23,pki subsystem
Digital Channels source call site 207,services/channels/auth_handler.py:91,source,RSA,2048,,production,Digital Channels,identity-team@tejomaya.example,2025-01-17,2027-01-17,channels subsystem
portal-npci-198 tls key exchange,portal-npci-198.tejomaya.internal:443,tls_key_exchange,ECDHE,256,TLSv1.3,production,Payments,payments-platform@tejomaya.example,2026-01-04,2028-01-04,npci subsystem
etl-pki-216 database tls,etl-pki-216.tejomaya.internal:443,database_tls,AES,256,,production,PKI,pki-team@tejomaya.example,2024-09-09,2026-09-09,pki subsystem
gw-corebank-063 tls certificate,gw-corebank-063.tejomaya.internal:443,tls_certificate,ECDSA,256,TLSv1.3,staging,Core Banking,corebank-ops@tejomaya.example,2025-10-06,2026-11-08,corebank subsystem
etl-npci-206 database tls,etl-npci-206.tejomaya.internal:443,database_tls,AES,256,,staging,Payments,payments-platform@tejomaya.example,2025-03-21,2027-03-21,npci subsystem
rpt-npci-004 tls certificate,rpt-npci-004.tejomaya.internal:443,tls_certificate,ECDSA,256,TLSv1.3,staging,Payments,payments-platform@tejomaya.example,2026-07-09,2027-08-11,npci subsystem
portal-lending-096 tls cipher suite,portal-lending-096.tejomaya.internal:443,tls_cipher_suite,TLS_ECDHE_RSA_WITH_AES_256_GCM_SHA384,256,TLSv1.2,production,Lending,lending-eng@tejomaya.example,2025-06-29,2027-06-29,lending subsystem
app-upi-227 tls certificate,app-upi-227.tejomaya.internal:443,tls_certificate,RSA,2048,TLSv1.2,production,Payments,payments-platform@tejomaya.example,2026-06-27,2027-07-30,upi subsystem
portal-channels-197 tls certificate,portal-channels-197.tejomaya.internal:443,tls_certificate,ECDSA,256,TLSv1.3,production,Digital Channels,,2025-11-25,2026-12-28,channels subsystem
edge-treasury-069 tls cipher suite,edge-treasury-069.tejomaya.internal:443,tls_cipher_suite,TLS_ECDHE_RSA_WITH_AES_256_GCM_SHA384,256,TLSv1.2,production,Treasury,treasury-tech@tejomaya.example,2026-06-17,2028-06-16,treasury subsystem
web-atm-025 database tls,web-atm-025.tejomaya.internal:443,database_tls,AES,256,,production,ATM Estate,,2026-01-02,2028-01-02,atm subsystem
admin-corebank-207 tls key exchange,admin-corebank-207.tejomaya.internal:443,tls_key_exchange,ECDHE,256,TLSv1.3,staging,Core Banking,corebank-ops@tejomaya.example,2025-04-04,2027-04-04,corebank subsystem
cache-npci-176 tls certificate,cache-npci-176.tejomaya.internal:443,tls_certificate,RSA,2048,TLSv1.2,staging,Payments,payments-platform@tejomaya.example,2025-10-03,2026-11-05,npci subsystem
Core Banking device identity 040,corebank-fleet-040.tejomaya.internal,device_identity,ECDSA,256,,production,Core Banking,corebank-ops@tejomaya.example,2022-06-11,2030-06-09,corebank subsystem
mq-corebank-219 tls key exchange,mq-corebank-219.tejomaya.internal:443,tls_key_exchange,X25519,256,TLSv1.3,staging,Core Banking,corebank-ops@tejomaya.example,2026-07-19,2028-07-18,corebank subsystem
mq-cards-108 tls key exchange,mq-cards-108.tejomaya.internal:443,tls_key_exchange,ECDHE,256,TLSv1.3,production,Cards,cards-engineering@tejomaya.example,2025-07-04,2027-07-04,cards subsystem
Cards backup key 014,/opt/backup/cards-archive-014.key,backup_encryption,AES,256,,production,Cards,cards-engineering@tejomaya.example,2025-03-21,2027-03-21,cards subsystem
admin-npci-053 tls key exchange,admin-npci-053.tejomaya.internal:443,tls_key_exchange,ECDHE,256,TLSv1.3,production,Payments,payments-platform@tejomaya.example,2025-09-24,2027-09-24,npci subsystem
admin-npci-111 tls cipher suite,admin-npci-111.tejomaya.internal:443,tls_cipher_suite,TLS_ECDHE_RSA_WITH_AES_256_GCM_SHA384,256,TLSv1.2,production,Payments,payments-platform@tejomaya.example,2026-06-27,2028-06-26,npci subsystem
int-pki-122 tls certificate,int-pki-122.tejomaya.internal:443,tls_certificate,ECDSA,256,TLSv1.3,production,PKI,pki-team@tejomaya.example,2025-12-16,2027-01-18,pki subsystem
app-lending-208 tls certificate,app-lending-208.tejomaya.internal:443,tls_certificate,RSA,2048,TLSv1.2,dr,Lending,lending-eng@tejomaya.example,2026-04-16,2027-05-19,lending subsystem
Cards backup key 051,/opt/backup/cards-archive-051.key,backup_encryption,AES,256,,production,Cards,cards-engineering@tejomaya.example,2025-08-24,2027-08-24,cards subsystem
gw-infra-046 tls certificate,gw-infra-046.tejomaya.internal:443,tls_certificate,ECDSA,256,TLSv1.3,production,Infrastructure,,2025-10-03,2026-11-05,infra subsystem
mq-upi-201 tls key exchange,mq-upi-201.tejomaya.internal:443,tls_key_exchange,X25519,256,TLSv1.3,staging,Payments,payments-platform@tejomaya.example,2025-12-26,2027-12-26,upi subsystem
app-channels-173 tls certificate,app-channels-173.tejomaya.internal:443,tls_certificate,ECDSA,256,TLSv1.3,dr,Digital Channels,,2026-08-15,2027-09-17,channels subsystem
SSH host key etl-107,/etc/ssh/ssh_host_key_etl-107,ssh_key,RSA,2048,,production,Cards,cards-engineering@tejomaya.example,2026-04-17,2028-04-16,cards subsystem
notify-infra-110 tls certificate,notify-infra-110.tejomaya.internal:443,tls_certificate,RSA,2048,TLSv1.2,production,Infrastructure,platform-team@tejomaya.example,2026-08-16,2027-09-18,infra subsystem
cache-infra-173 tls cipher suite,cache-infra-173.tejomaya.internal:443,tls_cipher_suite,TLS_ECDHE_RSA_WITH_AES_256_GCM_SHA384,256,TLSv1.2,staging,Infrastructure,platform-team@tejomaya.example,2026-04-10,2028-04-09,infra subsystem
PKI IPsec tunnel 54,vpn-pki-54.tejomaya.internal,vpn_ipsec,DH,2048,,dr,PKI,pki-team@tejomaya.example,2025-01-04,2027-01-04,pki subsystem
cache-treasury-190 tls key exchange,cache-treasury-190.tejomaya.internal:443,tls_key_exchange,X25519,256,TLSv1.3,staging,Treasury,treasury-tech@tejomaya.example,2025-06-07,2027-06-07,treasury subsystem
api-channels-187 tls certificate,api-channels-187.tejomaya.internal:443,tls_certificate,ECDSA,256,TLSv1.3,staging,Digital Channels,identity-team@tejomaya.example,2026-06-10,2027-07-13,channels subsystem
Treasury backup key 209,/opt/backup/treasury-archive-209.key,backup_encryption,AES,256,,production,Treasury,treasury-tech@tejomaya.example,2026-05-03,2028-05-02,treasury subsystem
etl-atm-229 tls key exchange,etl-atm-229.tejomaya.internal:443,tls_key_exchange,X25519,256,TLSv1.3,production,ATM Estate,atm-engineering@tejomaya.example,2024-11-11,2026-11-11,atm subsystem
api-infra-192 tls certificate,api-infra-192.tejomaya.internal:443,tls_certificate,ECDSA,256,TLSv1.3,production,Infrastructure,platform-team@tejomaya.example,2026-05-09,2027-06-11,infra subsystem
cache-treasury-166 tls certificate,cache-treasury-166.tejomaya.internal:443,tls_certificate,RSA,2048,TLSv1.2,staging,Treasury,treasury-tech@tejomaya.example,2026-01-14,2027-02-16,treasury subsystem
auth-treasury-009 tls certificate,auth-treasury-009.tejomaya.internal:443,tls_certificate,ECDSA,256,TLSv1.3,dr,Treasury,treasury-tech@tejomaya.example,2026-05-16,2027-06-18,treasury subsystem
batch-infra-127 config,batch-infra-127.tejomaya.internal:443,config,3DES,168,TLSv1.0,staging,Infrastructure,platform-team@tejomaya.example,2025-11-10,2027-11-10,infra subsystem
int-npci-003 tls certificate,int-npci-003.tejomaya.internal:443,tls_certificate,ECDSA,256,TLSv1.3,production,Payments,payments-platform@tejomaya.example,2026-04-17,2027-05-20,npci subsystem
sso-infra-073 tls cipher suite,sso-infra-073.tejomaya.internal:443,tls_cipher_suite,TLS_ECDHE_RSA_WITH_AES_256_GCM_SHA384,256,TLSv1.2,production,Infrastructure,platform-team@tejomaya.example,2025-04-27,2027-04-27,infra subsystem
sso-infra-040 tls certificate,sso-infra-040.tejomaya.internal:443,tls_certificate,RSA,2048,TLSv1.2,dr,Infrastructure,platform-team@tejomaya.example,2025-09-08,2026-10-11,infra subsystem
mq-atm-071 tls key exchange,mq-atm-071.tejomaya.internal:443,tls_key_exchange,X25519,256,TLSv1.3,production,ATM Estate,atm-engineering@tejomaya.example,2024-07-21,2026-07-21,atm subsystem
Treasury backup key 187,/opt/backup/treasury-archive-187.key,backup_encryption,AES,256,,production,Treasury,treasury-tech@tejomaya.example,2025-06-10,2027-06-10,treasury subsystem
int-corebank-019 tls key exchange,int-corebank-019.tejomaya.internal:443,tls_key_exchange,ECDHE,256,TLSv1.3,production,Core Banking,,2026-08-21,2028-08-20,corebank subsystem
SSH host key sso-014,/etc/ssh/ssh_host_key_sso-014,ssh_key,RSA,2048,,production,Treasury,treasury-tech@tejomaya.example,2025-03-29,2027-03-29,treasury subsystem
sso-treasury-009 tls certificate,sso-treasury-009.tejomaya.internal:443,tls_certificate,RSA,2048,TLSv1.2,staging,Treasury,treasury-tech@tejomaya.example,2026-04-07,2027-05-10,treasury subsystem
app-corebank-203 tls certificate,app-corebank-203.tejomaya.internal:443,tls_certificate,RSA,2048,TLSv1.2,dr,Core Banking,corebank-ops@tejomaya.example,2026-01-21,2027-02-23,corebank subsystem
mq-upi-169 tls certificate,mq-upi-169.tejomaya.internal:443,tls_certificate,ECDSA,256,TLSv1.3,dr,Payments,payments-platform@tejomaya.example,2026-01-13,2027-02-15,upi subsystem
SSH host key cache-151,/etc/ssh/ssh_host_key_cache-151,ssh_key,RSA,2048,,production,Digital Channels,identity-team@tejomaya.example,2024-11-19,2026-11-19,channels subsystem
Payment HSM key 159,hsm://payment-hsm-06/slot3/key,payment_hsm,RSA,2048,,production,Payments,payments-platform@tejomaya.example,2025-06-08,2027-06-08,upi subsystem
etl-npci-051 tls certificate,etl-npci-051.tejomaya.internal:443,tls_certificate,RSA,2048,TLSv1.2,production,Payments,payments-platform@tejomaya.example,2025-11-29,2027-01-01,npci subsystem
auth-treasury-029 tls certificate,auth-treasury-029.tejomaya.internal:443,tls_certificate,RSA,2048,TLSv1.2,production,Treasury,treasury-tech@tejomaya.example,2026-04-20,2027-05-23,treasury subsystem
cache-cards-040 tls cipher suite,cache-cards-040.tejomaya.internal:443,tls_cipher_suite,TLS_ECDHE_RSA_WITH_AES_256_GCM_SHA384,256,TLSv1.2,staging,Cards,cards-engineering@tejomaya.example,2025-03-05,2027-03-05,cards subsystem
Core Banking backup key 227,/opt/backup/corebank-archive-227.key,backup_encryption,AES,256,,dr,Core Banking,,2025-05-28,2027-05-28,corebank subsystem
gw-channels-100 tls cipher suite,gw-channels-100.tejomaya.internal:443,tls_cipher_suite,TLS_ECDHE_RSA_WITH_AES_256_GCM_SHA384,256,TLSv1.2,staging,Digital Channels,identity-team@tejomaya.example,2026-06-19,2028-06-18,channels subsystem
app-cards-141 tls certificate,app-cards-141.tejomaya.internal:443,tls_certificate,RSA,2048,TLSv1.2,staging,Cards,cards-engineering@tejomaya.example,2025-12-21,2027-01-23,cards subsystem
app-channels-107 tls certificate,app-channels-107.tejomaya.internal:443,tls_certificate,RSA,2048,TLSv1.2,production,Digital Channels,,2026-06-17,2027-07-20,channels subsystem
mq-treasury-049 tls certificate,mq-treasury-049.tejomaya.internal:443,tls_certificate,RSA,2048,TLSv1.2,production,Treasury,treasury-tech@tejomaya.example,2026-03-11,2027-04-13,treasury subsystem
notify-atm-137 tls cipher suite,notify-atm-137.tejomaya.internal:443,tls_cipher_suite,TLS_ECDHE_RSA_WITH_AES_256_GCM_SHA384,256,TLSv1.2,production,ATM Estate,atm-engineering@tejomaya.example,2025-03-26,2027-03-26,atm subsystem
web-channels-115 tls certificate,web-channels-115.tejomaya.internal:443,tls_certificate,RSA,2048,TLSv1.2,production,Digital Channels,identity-team@tejomaya.example,2026-08-15,2027-09-17,channels subsystem
Tejomaya Root CA G2,pki://tejomaya/root-ca-g2,root_ca,RSA,4096,,production,Digital Channels,identity-team@tejomaya.example,2022-12-08,2042-12-03,channels subsystem
rpt-infra-115 tls certificate,rpt-infra-115.tejomaya.internal:443,tls_certificate,ECDSA,256,TLSv1.3,dr,Infrastructure,platform-team@tejomaya.example,2026-06-22,2027-07-25,infra subsystem
db-lending-216 tls key exchange,db-lending-216.tejomaya.internal:443,tls_key_exchange,X25519,256,TLSv1.3,staging,Lending,lending-eng@tejomaya.example,2026-01-23,2028-01-23,lending subsystem
Core Banking token signing key 239,/opt/idp/corebank-jwt-signing-239.pem,token_signing,RSA,2048,,staging,Core Banking,corebank-ops@tejomaya.example,2025-08-08,2027-08-08,corebank subsystem
edge-atm-229 tls key exchange,edge-atm-229.tejomaya.internal:443,tls_key_exchange,ECDHE,256,TLSv1.3,staging,ATM Estate,atm-engineering@tejomaya.example,2025-03-30,2027-03-30,atm subsystem
db-channels-197 tls certificate,db-channels-197.tejomaya.internal:443,tls_certificate,ECDSA,256,TLSv1.3,production,Digital Channels,identity-team@tejomaya.example,2026-05-30,2027-07-02,channels subsystem
cache-lending-196 tls certificate,cache-lending-196.tejomaya.internal:443,tls_certificate,RSA,2048,TLSv1.2,production,Lending,lending-eng@tejomaya.example,2026-05-29,2027-07-01,lending subsystem
Tejomaya Issuing CA - Cards,pki://tejomaya/issuing-ca-cards,issuing_ca,RSA,3072,,production,Cards,cards-engineering@tejomaya.example,2018-11-18,2026-11-16,cards subsystem
SSH host key api-074,/etc/ssh/ssh_host_key_api-074,ssh_key,RSA,2048,,staging,Treasury,,2025-01-13,2027-01-13,treasury subsystem
auth-lending-001 tls certificate,auth-lending-001.tejomaya.internal:443,tls_certificate,RSA,2048,TLSv1.2,production,Lending,lending-eng@tejomaya.example,2026-05-27,2027-06-29,lending subsystem
notify-pki-048 tls cipher suite,notify-pki-048.tejomaya.internal:443,tls_cipher_suite,TLS_ECDHE_RSA_WITH_AES_256_GCM_SHA384,256,TLSv1.2,staging,PKI,pki-team@tejomaya.example,2026-05-12,2028-05-11,pki subsystem
SSH host key etl-173,/etc/ssh/ssh_host_key_etl-173,ssh_key,RSA,2048,,production,PKI,pki-team@tejomaya.example,2026-07-31,2028-07-30,pki subsystem
SSH host key portal-101,/etc/ssh/ssh_host_key_portal-101,ssh_key,RSA,2048,,production,Core Banking,corebank-ops@tejomaya.example,2024-09-12,2026-09-12,corebank subsystem
web-lending-043 tls cipher suite,web-lending-043.tejomaya.internal:443,tls_cipher_suite,TLS_ECDHE_RSA_WITH_AES_256_GCM_SHA384,256,TLSv1.2,staging,Lending,lending-eng@tejomaya.example,2024-10-30,2026-10-30,lending subsystem
api-upi-154 tls certificate,api-upi-154.tejomaya.internal:443,tls_certificate,RSA,2048,TLSv1.2,dr,Payments,payments-platform@tejomaya.example,2026-04-14,2027-05-17,upi subsystem
notify-pki-135 tls certificate,notify-pki-135.tejomaya.internal:443,tls_certificate,RSA,2048,TLSv1.2,staging,PKI,pki-team@tejomaya.example,2026-02-04,2027-03-09,pki subsystem
edge-treasury-123 tls certificate,edge-treasury-123.tejomaya.internal:443,tls_certificate,ECDSA,256,TLSv1.3,production,Treasury,treasury-tech@tejomaya.example,2025-12-22,2027-01-24,treasury subsystem
portal-atm-122 tls certificate,portal-atm-122.tejomaya.internal:443,tls_certificate,RSA,2048,TLSv1.2,production,ATM Estate,atm-engineering@tejomaya.example,2025-07-17,2026-08-19,atm subsystem
app-treasury-114 tls key exchange,app-treasury-114.tejomaya.internal:443,tls_key_exchange,ECDHE,256,TLSv1.3,production,Treasury,treasury-tech@tejomaya.example,2025-11-16,2027-11-16,treasury subsystem
SSH host key auth-237,/etc/ssh/ssh_host_key_auth-237,ssh_key,RSA,2048,,production,Treasury,treasury-tech@tejomaya.example,2026-07-22,2028-07-21,treasury subsystem
sso-channels-099 tls cipher suite,sso-channels-099.tejomaya.internal:443,tls_cipher_suite,TLS_ECDHE_RSA_WITH_AES_256_GCM_SHA384,256,TLSv1.2,production,Digital Channels,identity-team@tejomaya.example,2026-04-20,2028-04-19,channels subsystem
Treasury device identity 083,treasury-fleet-083.tejomaya.internal,device_identity,ECDSA,256,,staging,Treasury,treasury-tech@tejomaya.example,2024-04-05,2032-04-03,treasury subsystem
mq-cards-060 tls cipher suite,mq-cards-060.tejomaya.internal:443,tls_cipher_suite,TLS_ECDHE_RSA_WITH_AES_256_GCM_SHA384,256,TLSv1.2,production,Cards,cards-engineering@tejomaya.example,2025-04-15,2027-04-15,cards subsystem
gw-corebank-150 tls certificate,gw-corebank-150.tejomaya.internal:443,tls_certificate,RSA,2048,TLSv1.2,production,Core Banking,corebank-ops@tejomaya.example,2025-12-03,2027-01-05,corebank subsystem
auth-atm-044 tls certificate,auth-atm-044.tejomaya.internal:443,tls_certificate,ECDSA,256,TLSv1.3,production,ATM Estate,atm-engineering@tejomaya.example,2026-04-09,2027-05-12,atm subsystem
int-treasury-073 tls key exchange,int-treasury-073.tejomaya.internal:443,tls_key_exchange,X25519MLKEM768,256,TLSv1.3,production,Treasury,,2024-07-05,2026-07-05,treasury subsystem
web-channels-044 tls key exchange,web-channels-044.tejomaya.internal:443,tls_key_exchange,ECDHE,256,TLSv1.3,dr,Digital Channels,identity-team@tejomaya.example,2026-07-10,2028-07-09,channels subsystem
auth-cards-156 tls cipher suite,auth-cards-156.tejomaya.internal:443,tls_cipher_suite,TLS_ECDHE_RSA_WITH_AES_256_GCM_SHA384,256,TLSv1.2,staging,Cards,cards-engineering@tejomaya.example,2025-06-30,2027-06-30,cards subsystem
int-treasury-067 tls cipher suite,int-treasury-067.tejomaya.internal:443,tls_cipher_suite,TLS_ECDHE_RSA_WITH_AES_256_GCM_SHA384,256,TLSv1.2,staging,Treasury,treasury-tech@tejomaya.example,2024-10-01,2026-10-01,treasury subsystem
Infrastructure source call site 123,services/infra/mq_handler.py:249,source,MD5,128,,production,Infrastructure,platform-team@tejomaya.example,2025-09-11,2027-09-11,infra subsystem
gw-cards-053 tls key exchange,gw-cards-053.tejomaya.internal:443,tls_key_exchange,X25519,256,TLSv1.3,production,Cards,cards-engineering@tejomaya.example,2024-09-10,2026-09-10,cards subsystem
batch-upi-095 tls certificate,batch-upi-095.tejomaya.internal:443,tls_certificate,ECDSA,256,TLSv1.3,production,Payments,payments-platform@tejomaya.example,2026-02-13,2027-03-18,upi subsystem
cache-corebank-131 tls certificate,cache-corebank-131.tejomaya.internal:443,tls_certificate,RSA,2048,TLSv1.2,production,Core Banking,corebank-ops@tejomaya.example,2026-05-30,2027-07-02,corebank subsystem
auth-corebank-121 tls key exchange,auth-corebank-121.tejomaya.internal:443,tls_key_exchange,ECDHE,256,TLSv1.3,production,Core Banking,corebank-ops@tejomaya.example,2025-03-18,2027-03-18,corebank subsystem
gw-atm-127 tls certificate,gw-atm-127.tejomaya.internal:443,tls_certificate,RSA,2048,TLSv1.2,dr,ATM Estate,atm-engineering@tejomaya.example,2026-03-12,2027-04-14,atm subsystem
notify-pki-113 tls certificate,notify-pki-113.tejomaya.internal:443,tls_certificate,RSA,2048,TLSv1.2,staging,PKI,pki-team@tejomaya.example,2026-01-06,2027-02-08,pki subsystem
rpt-atm-063 tls cipher suite,rpt-atm-063.tejomaya.internal:443,tls_cipher_suite,TLS_ECDHE_RSA_WITH_AES_256_GCM_SHA384,256,TLSv1.2,staging,ATM Estate,atm-engineering@tejomaya.example,2025-01-05,2027-01-05,atm subsystem
admin-pki-225 tls certificate,admin-pki-225.tejomaya.internal:443,tls_certificate,ECDSA,256,TLSv1.3,production,PKI,pki-team@tejomaya.example,2025-12-22,2027-01-24,pki subsystem
svc-upi-046 tls key exchange,svc-upi-046.tejomaya.internal:443,tls_key_exchange,ECDHE,256,TLSv1.3,production,Payments,payments-platform@tejomaya.example,2026-05-25,2028-05-24,upi subsystem
svc-upi-061 tls certificate,svc-upi-061.tejomaya.internal:443,tls_certificate,RSA,2048,TLSv1.2,production,Payments,payments-platform@tejomaya.example,2026-04-30,2027-06-02,upi subsystem
edge-lending-193 tls certificate,edge-lending-193.tejomaya.internal:443,tls_certificate,RSA,2048,TLSv1.2,production,Lending,lending-eng@tejomaya.example,2026-05-26,2027-06-28,lending subsystem
int-lending-137 tls certificate,int-lending-137.tejomaya.internal:443,tls_certificate,RSA,2048,TLSv1.2,production,Lending,lending-eng@tejomaya.example,2026-04-08,2027-05-11,lending subsystem
gw-treasury-003 tls certificate,gw-treasury-003.tejomaya.internal:443,tls_certificate,ECDSA,256,TLSv1.3,production,Treasury,treasury-tech@tejomaya.example,2026-02-06,2027-03-11,treasury subsystem
web-lending-189 tls certificate,web-lending-189.tejomaya.internal:443,tls_certificate,RSA,2048,TLSv1.2,staging,Lending,lending-eng@tejomaya.example,2025-07-26,2026-08-28,lending subsystem
svc-atm-053 tls key exchange,svc-atm-053.tejomaya.internal:443,tls_key_exchange,ECDHE,256,TLSv1.3,production,ATM Estate,atm-engineering@tejomaya.example,2024-10-24,2026-10-24,atm subsystem
edge-lending-105 tls certificate,edge-lending-105.tejomaya.internal:443,tls_certificate,ECDSA,256,TLSv1.3,dr,Lending,lending-eng@tejomaya.example,2026-04-07,2027-05-10,lending subsystem
Payments token signing key 10,/opt/idp/upi-jwt-signing-10.pem,token_signing,RSA,2048,,production,Payments,payments-platform@tejomaya.example,2024-09-17,2026-09-17,upi subsystem
PKI backup key 173,/opt/backup/pki-archive-173.key,backup_encryption,AES,256,,production,PKI,pki-team@tejomaya.example,2024-07-02,2026-07-02,pki subsystem
api-corebank-037 tls certificate,api-corebank-037.tejomaya.internal:443,tls_certificate,RSA,2048,TLSv1.2,staging,Core Banking,corebank-ops@tejomaya.example,2025-08-09,2026-09-11,corebank subsystem
portal-atm-063 tls certificate,portal-atm-063.tejomaya.internal:443,tls_certificate,ECDSA,256,TLSv1.3,staging,ATM Estate,atm-engineering@tejomaya.example,2026-02-26,2027-03-31,atm subsystem
portal-upi-074 config,portal-upi-074.tejomaya.internal:443,config,TLS_RSA_WITH_AES_128_CBC_SHA256,128,TLSv1.2,staging,Payments,payments-platform@tejomaya.example,2025-05-01,2027-05-01,upi subsystem
Treasury source call site 143,services/treasury/api_handler.py:41,source,SHA-1,160,,production,Treasury,treasury-tech@tejomaya.example,2025-03-19,2027-03-19,treasury subsystem
auth-upi-004 tls certificate,auth-upi-004.tejomaya.internal:443,tls_certificate,RSA,2048,TLSv1.2,dr,Payments,payments-platform@tejomaya.example,2025-11-19,2026-12-22,upi subsystem
api-corebank-156 tls certificate,api-corebank-156.tejomaya.internal:443,tls_certificate,RSA,2048,TLSv1.2,staging,Core Banking,,2026-04-12,2027-05-15,corebank subsystem
db-infra-189 tls cipher suite,db-infra-189.tejomaya.internal:443,tls_cipher_suite,TLS_ECDHE_RSA_WITH_AES_256_GCM_SHA384,256,TLSv1.2,production,Infrastructure,platform-team@tejomaya.example,2026-06-30,2028-06-29,infra subsystem
int-channels-187 tls key exchange,int-channels-187.tejomaya.internal:443,tls_key_exchange,X25519,256,TLSv1.3,production,Digital Channels,identity-team@tejomaya.example,2025-02-28,2027-02-28,channels subsystem
Payment HSM key 205,hsm://payment-hsm-07/slot1/key,payment_hsm,RSA,2048,,staging,Core Banking,corebank-ops@tejomaya.example,2025-07-11,2027-07-11,corebank subsystem
Treasury token signing key 178,/opt/idp/treasury-jwt-signing-178.pem,token_signing,RSA,2048,,production,Treasury,,2025-01-17,2027-01-17,treasury subsystem
Core Banking device identity 150,corebank-fleet-150.tejomaya.internal,device_identity,ECDSA,256,,dr,Core Banking,corebank-ops@tejomaya.example,2026-07-26,2034-07-24,corebank subsystem
rpt-cards-225 database tls,rpt-cards-225.tejomaya.internal:443,database_tls,AES,256,,production,Cards,cards-engineering@tejomaya.example,2025-02-27,2027-02-27,cards subsystem
mq-lending-155 tls cipher suite,mq-lending-155.tejomaya.internal:443,tls_cipher_suite,TLS_ECDHE_RSA_WITH_AES_256_GCM_SHA384,256,TLSv1.2,production,Lending,lending-eng@tejomaya.example,2025-05-18,2027-05-18,lending subsystem
db-npci-140 tls key exchange,db-npci-140.tejomaya.internal:443,tls_key_exchange,ECDHE,256,TLSv1.3,production,Payments,payments-platform@tejomaya.example,2026-04-29,2028-04-28,npci subsystem
Core Banking source call site 139,services/corebank/sso_handler.py:348,source,RSA,2048,,production,Core Banking,corebank-ops@tejomaya.example,2024-11-15,2026-11-15,corebank subsystem
Lending backup key 143,/opt/backup/lending-archive-143.key,backup_encryption,AES,256,,production,Lending,lending-eng@tejomaya.example,2025-07-12,2027-07-12,lending subsystem
notify-infra-119 tls certificate,notify-infra-119.tejomaya.internal:443,tls_certificate,RSA,2048,TLSv1.2,production,Infrastructure,platform-team@tejomaya.example,2026-07-04,2027-08-06,infra subsystem
batch-channels-004 tls certificate,batch-channels-004.tejomaya.internal:443,tls_certificate,RSA,2048,TLSv1.2,production,Digital Channels,identity-team@tejomaya.example,2026-06-10,2027-07-13,channels subsystem
Digital Channels release signing key 240,/opt/ci/channels-release-signing-240.pem,code_signing,RSA,3072,,staging,Digital Channels,identity-team@tejomaya.example,2026-03-21,2029-03-20,channels subsystem
Payments device identity 110,upi-fleet-110.tejomaya.internal,device_identity,ECDSA,256,,production,Payments,payments-platform@tejomaya.example,2021-05-01,2029-04-29,upi subsystem
web-npci-062 database tls,web-npci-062.tejomaya.internal:443,database_tls,AES,256,,staging,Payments,payments-platform@tejomaya.example,2025-06-29,2027-06-29,npci subsystem
auth-lending-001 tls certificate,auth-lending-001.tejomaya.internal:443,tls_certificate,ECDSA,256,TLSv1.3,production,Lending,lending-eng@tejomaya.example,2025-12-23,2027-01-25,lending subsystem
cache-upi-189 tls certificate,cache-upi-189.tejomaya.internal:443,tls_certificate,RSA,2048,TLSv1.2,production,Payments,payments-platform@tejomaya.example,2025-07-18,2026-08-20,upi subsystem
batch-cards-077 tls certificate,batch-cards-077.tejomaya.internal:443,tls_certificate,RSA,2048,TLSv1.2,production,Cards,cards-engineering@tejomaya.example,2026-04-01,2027-05-04,cards subsystem
int-lending-004 tls key exchange,int-lending-004.tejomaya.internal:443,tls_key_exchange,ECDHE,256,TLSv1.3,dr,Lending,,2026-05-26,2028-05-25,lending subsystem
rpt-corebank-033 tls certificate,rpt-corebank-033.tejomaya.internal:443,tls_certificate,RSA,2048,TLSv1.2,staging,Core Banking,corebank-ops@tejomaya.example,2026-06-20,2027-07-23,corebank subsystem
etl-cards-111 tls key exchange,etl-cards-111.tejomaya.internal:443,tls_key_exchange,X25519,256,TLSv1.3,production,Cards,cards-engineering@tejomaya.example,2025-07-11,2027-07-11,cards subsystem
cache-npci-234 tls certificate,cache-npci-234.tejomaya.internal:443,tls_certificate,RSA,2048,TLSv1.2,production,Payments,,2025-09-13,2026-10-16,npci subsystem
gw-infra-068 tls certificate,gw-infra-068.tejomaya.internal:443,tls_certificate,ECDSA,256,TLSv1.3,dr,Infrastructure,platform-team@tejomaya.example,2026-02-01,2027-03-06,infra subsystem
app-corebank-023 tls certificate,app-corebank-023.tejomaya.internal:443,tls_certificate,ECDSA,256,TLSv1.3,production,Core Banking,corebank-ops@tejomaya.example,2026-04-08,2027-05-11,corebank subsystem
Digital Channels source call site 094,services/channels/svc_handler.py:306,source,SHA-1,160,,staging,Digital Channels,identity-team@tejomaya.example,2026-06-08,2028-06-07,channels subsystem
auth-channels-134 tls key exchange,auth-channels-134.tejomaya.internal:443,tls_key_exchange,ECDHE,256,TLSv1.3,production,Digital Channels,identity-team@tejomaya.example,2026-01-16,2028-01-16,channels subsystem
Core Banking device identity 208,corebank-fleet-208.tejomaya.internal,device_identity,ECDSA,256,,production,Core Banking,corebank-ops@tejomaya.example,2019-04-11,2027-04-09,corebank subsystem
svc-pki-222 tls certificate,svc-pki-222.tejomaya.internal:443,tls_certificate,ECDSA,256,TLSv1.3,production,PKI,pki-team@tejomaya.example,2026-05-20,2027-06-22,pki subsystem
web-npci-029 tls certificate,web-npci-029.tejomaya.internal:443,tls_certificate,RSA,2048,TLSv1.2,production,Payments,payments-platform@tejomaya.example,2026-04-23,2027-05-26,npci subsystem
Core Banking token signing key 40,/opt/idp/corebank-jwt-signing-40.pem,token_signing,RSA,2048,,production,Core Banking,corebank-ops@tejomaya.example,2025-08-01,2027-08-01,corebank subsystem
ATM Estate token signing key 148,/opt/idp/atm-jwt-signing-148.pem,token_signing,RSA,2048,,staging,ATM Estate,atm-engineering@tejomaya.example,2026-05-10,2028-05-09,atm subsystem
svc-treasury-079 tls certificate,svc-treasury-079.tejomaya.internal:443,tls_certificate,RSA,2048,TLSv1.2,staging,Treasury,treasury-tech@tejomaya.example,2026-08-22,2027-09-24,treasury subsystem
sso-atm-027 tls certificate,sso-atm-027.tejomaya.internal:443,tls_certificate,ECDSA,256,TLSv1.3,staging,ATM Estate,atm-engineering@tejomaya.example,2026-06-11,2027-07-14,atm subsystem
sso-pki-132 tls certificate,sso-pki-132.tejomaya.internal:443,tls_certificate,ECDSA,256,TLSv1.3,production,PKI,pki-team@tejomaya.example,2026-01-10,2027-02-12,pki subsystem
sso-atm-178 tls cipher suite,sso-atm-178.tejomaya.internal:443,tls_cipher_suite,TLS_ECDHE_RSA_WITH_AES_256_GCM_SHA384,256,TLSv1.2,dr,ATM Estate,atm-engineering@tejomaya.example,2026-02-06,2028-02-06,atm subsystem
int-upi-066 tls certificate,int-upi-066.tejomaya.internal:443,tls_certificate,ECDSA,256,TLSv1.3,production,Payments,payments-platform@tejomaya.example,2026-01-15,2027-02-17,upi subsystem
batch-treasury-003 tls key exchange,batch-treasury-003.tejomaya.internal:443,tls_key_exchange,ECDHE,256,TLSv1.3,production,Treasury,,2025-06-21,2027-06-21,treasury subsystem
Payment HSM key 188,hsm://payment-hsm-08/slot0/key,payment_hsm,RSA,2048,,production,Lending,lending-eng@tejomaya.example,2025-12-03,2027-12-03,lending subsystem
svc-npci-168 config,svc-npci-168.tejomaya.internal:443,config,3DES,168,TLSv1.0,production,Payments,payments-platform@tejomaya.example,2026-06-25,2028-06-24,npci subsystem
gw-cards-078 tls certificate,gw-cards-078.tejomaya.internal:443,tls_certificate,ECDSA,256,TLSv1.3,staging,Cards,cards-engineering@tejomaya.example,2026-05-22,2027-06-24,cards subsystem
int-infra-026 tls certificate,int-infra-026.tejomaya.internal:443,tls_certificate,RSA,2048,TLSv1.2,production,Infrastructure,platform-team@tejomaya.example,2026-04-27,2027-05-30,infra subsystem
SSH host key admin-218,/etc/ssh/ssh_host_key_admin-218,ssh_key,RSA,2048,,production,Core Banking,corebank-ops@tejomaya.example,2025-10-22,2027-10-22,corebank subsystem
app-upi-130 tls cipher suite,app-upi-130.tejomaya.internal:443,tls_cipher_suite,TLS_ECDHE_RSA_WITH_AES_256_GCM_SHA384,256,TLSv1.2,production,Payments,,2026-08-17,2028-08-16,upi subsystem
admin-lending-067 tls certificate,admin-lending-067.tejomaya.internal:443,tls_certificate,RSA,2048,TLSv1.2,staging,Lending,,2026-07-07,2027-08-09,lending subsystem
cache-upi-111 tls certificate,cache-upi-111.tejomaya.internal:443,tls_certificate,RSA,2048,TLSv1.2,production,Payments,payments-platform@tejomaya.example,2026-07-03,2027-08-05,upi subsystem
auth-upi-089 database tls,auth-upi-089.tejomaya.internal:443,database_tls,AES,256,,staging,Payments,,2025-07-17,2027-07-17,upi subsystem
svc-infra-026 tls certificate,svc-infra-026.tejomaya.internal:443,tls_certificate,RSA,2048,TLSv1.2,production,Infrastructure,platform-team@tejomaya.example,2026-08-10,2027-09-12,infra subsystem
SSH host key sso-172,/etc/ssh/ssh_host_key_sso-172,ssh_key,RSA,2048,,dr,Digital Channels,identity-team@tejomaya.example,2024-09-10,2026-09-10,channels subsystem
Tejomaya Issuing CA - Payments,pki://tejomaya/issuing-ca-npci,issuing_ca,RSA,3072,,production,Payments,,2025-08-08,2033-08-06,npci subsystem
cache-channels-169 config,cache-channels-169.tejomaya.internal:443,config,TLS_RSA_WITH_AES_128_CBC_SHA256,128,TLSv1.2,production,Digital Channels,identity-team@tejomaya.example,2026-03-12,2028-03-11,channels subsystem
cache-treasury-019 tls key exchange,cache-treasury-019.tejomaya.internal:443,tls_key_exchange,ECDHE,256,TLSv1.3,production,Treasury,treasury-tech@tejomaya.example,2024-11-15,2026-11-15,treasury subsystem
admin-lending-076 tls key exchange,admin-lending-076.tejomaya.internal:443,tls_key_exchange,X25519,256,TLSv1.3,production,Lending,lending-eng@tejomaya.example,2024-10-28,2026-10-28,lending subsystem
admin-npci-041 database tls,admin-npci-041.tejomaya.internal:443,database_tls,AES,256,,dr,Payments,payments-platform@tejomaya.example,2025-08-10,2027-08-10,npci subsystem
PKI token signing key 03,/opt/idp/pki-jwt-signing-03.pem,token_signing,RSA,2048,,production,PKI,pki-team@tejomaya.example,2025-04-17,2027-04-17,pki subsystem
gw-treasury-127 tls key exchange,gw-treasury-127.tejomaya.internal:443,tls_key_exchange,X25519,256,TLSv1.3,staging,Treasury,treasury-tech@tejomaya.example,2024-08-18,2026-08-18,treasury subsystem
SSH host key gw-220,/etc/ssh/ssh_host_key_gw-220,ssh_key,RSA,2048,,production,Lending,lending-eng@tejomaya.example,2025-12-12,2027-12-12,lending subsystem
Payment HSM key 117,hsm://payment-hsm-00/slot1/key,payment_hsm,RSA,2048,,production,Digital Channels,identity-team@tejomaya.example,2025-05-28,2027-05-28,channels subsystem
api-atm-051 tls key exchange,api-atm-051.tejomaya.internal:443,tls_key_exchange,X25519,256,TLSv1.3,production,ATM Estate,atm-engineering@tejomaya.example,2026-07-31,2028-07-30,atm subsystem
cache-upi-080 config,cache-upi-080.tejomaya.internal:443,config,3DES,168,TLSv1.0,staging,Payments,payments-platform@tejomaya.example,2025-04-11,2027-04-11,upi subsystem
notify-treasury-143 tls certificate,notify-treasury-143.tejomaya.internal:443,tls_certificate,ECDSA,256,TLSv1.3,staging,Treasury,treasury-tech@tejomaya.example,2026-04-15,2027-05-18,treasury subsystem
SSH host key sso-005,/etc/ssh/ssh_host_key_sso-005,ssh_key,RSA,2048,,staging,Cards,cards-engineering@tejomaya.example,2025-07-14,2027-07-14,cards subsystem
notify-lending-066 tls certificate,notify-lending-066.tejomaya.internal:443,tls_certificate,ECDSA,256,TLSv1.3,production,Lending,,2025-06-03,2026-07-06,lending subsystem
Payments token signing key 141,/opt/idp/npci-jwt-signing-141.pem,token_signing,RSA,2048,,production,Payments,payments-platform@tejomaya.example,2025-06-12,2027-06-12,npci subsystem
Payments source call site 190,services/npci/auth_handler.py:351,source,MD5,128,,dr,Payments,payments-platform@tejomaya.example,2026-02-14,2028-02-14,npci subsystem
svc-corebank-046 tls key exchange,svc-corebank-046.tejomaya.internal:443,tls_key_exchange,ECDHE,256,TLSv1.3,dr,Core Banking,corebank-ops@tejomaya.example,2024-10-22,2026-10-22,corebank subsystem
Payment HSM key 181,hsm://payment-hsm-01/slot1/key,payment_hsm,RSA,2048,,production,Lending,lending-eng@tejomaya.example,2025-10-08,2027-10-08,lending subsystem
notify-npci-214 tls certificate,notify-npci-214.tejomaya.internal:443,tls_certificate,RSA,2048,TLSv1.2,production,Payments,payments-platform@tejomaya.example,2026-03-19,2027-04-21,npci subsystem
batch-infra-026 tls certificate,batch-infra-026.tejomaya.internal:443,tls_certificate,RSA,2048,TLSv1.2,production,Infrastructure,platform-team@tejomaya.example,2026-08-16,2027-09-18,infra subsystem
Payment HSM key 171,hsm://payment-hsm-00/slot3/key,payment_hsm,RSA,2048,,production,Payments,payments-platform@tejomaya.example,2026-08-04,2028-08-03,upi subsystem
Payment HSM key 125,hsm://payment-hsm-08/slot1/key,payment_hsm,RSA,2048,,dr,Payments,payments-platform@tejomaya.example,2024-10-25,2026-10-25,upi subsystem
int-upi-236 tls certificate,int-upi-236.tejomaya.internal:443,tls_certificate,RSA,2048,TLSv1.2,production,Payments,,2025-08-10,2026-09-12,upi subsystem
PKI device identity 124,pki-fleet-124.tejomaya.internal,device_identity,ECDSA,256,,staging,PKI,pki-team@tejomaya.example,2024-02-27,2032-02-25,pki subsystem
edge-corebank-159 tls key exchange,edge-corebank-159.tejomaya.internal:443,tls_key_exchange,ECDHE,256,TLSv1.3,production,Core Banking,corebank-ops@tejomaya.example,2025-05-07,2027-05-07,corebank subsystem
etl-upi-210 database tls,etl-upi-210.tejomaya.internal:443,database_tls,AES,256,,production,Payments,,2025-07-02,2027-07-02,upi subsystem
admin-infra-040 tls key exchange,admin-infra-040.tejomaya.internal:443,tls_key_exchange,ECDHE,256,TLSv1.3,staging,Infrastructure,platform-team@tejomaya.example,2026-07-09,2028-07-08,infra subsystem
int-treasury-027 tls certificate,int-treasury-027.tejomaya.internal:443,tls_certificate,RSA,2048,TLSv1.2,production,Treasury,treasury-tech@tejomaya.example,2026-01-10,2027-02-12,treasury subsystem
auth-cards-143 tls key exchange,auth-cards-143.tejomaya.internal:443,tls_key_exchange,ECDHE,256,TLSv1.3,production,Cards,cards-engineering@tejomaya.example,2024-09-29,2026-09-29,cards subsystem
Payments IPsec tunnel 168,vpn-upi-168.tejomaya.internal,vpn_ipsec,DH,2048,,staging,Payments,payments-platform@tejomaya.example,2025-01-05,2027-01-05,upi subsystem
db-upi-234 tls certificate,db-upi-234.tejomaya.internal:443,tls_certificate,RSA,2048,TLSv1.2,production,Payments,,2025-12-21,2027-01-23,upi subsystem
web-pki-054 tls certificate,web-pki-054.tejomaya.internal:443,tls_certificate,RSA,2048,TLSv1.2,staging,PKI,pki-team@tejomaya.example,2026-03-04,2027-04-06,pki subsystem
batch-upi-054 tls certificate,batch-upi-054.tejomaya.internal:443,tls_certificate,RSA,2048,TLSv1.2,production,Payments,payments-platform@tejomaya.example,2025-12-18,2027-01-20,upi subsystem
auth-npci-090 tls certificate,auth-npci-090.tejomaya.internal:443,tls_certificate,ECDSA,256,TLSv1.3,production,Payments,payments-platform@tejomaya.example,2025-08-17,2026-09-19,npci subsystem
svc-lending-163 tls certificate,svc-lending-163.tejomaya.internal:443,tls_certificate,RSA,2048,TLSv1.2,production,Lending,lending-eng@tejomaya.example,2025-11-22,2026-12-25,lending subsystem
admin-corebank-101 tls certificate,admin-corebank-101.tejomaya.internal:443,tls_certificate,RSA,2048,TLSv1.2,production,Core Banking,corebank-ops@tejomaya.example,2025-10-02,2026-11-04,corebank subsystem
batch-infra-095 tls certificate,batch-infra-095.tejomaya.internal:443,tls_certificate,RSA,2048,TLSv1.2,dr,Infrastructure,,2025-07-30,2026-09-01,infra subsystem
batch-corebank-081 tls certificate,batch-corebank-081.tejomaya.internal:443,tls_certificate,RSA,2048,TLSv1.2,production,Core Banking,corebank-ops@tejomaya.example,2026-01-22,2027-02-24,corebank subsystem
web-channels-127 tls cipher suite,web-channels-127.tejomaya.internal:443,tls_cipher_suite,TLS_ECDHE_RSA_WITH_AES_256_GCM_SHA384,256,TLSv1.2,production,Digital Channels,identity-team@tejomaya.example,2024-09-12,2026-09-12,channels subsystem
etl-cards-119 tls key exchange,etl-cards-119.tejomaya.internal:443,tls_key_exchange,ECDHE,256,TLSv1.3,production,Cards,cards-engineering@tejomaya.example,2025-10-08,2027-10-08,cards subsystem
batch-treasury-010 tls certificate,batch-treasury-010.tejomaya.internal:443,tls_certificate,ECDSA,256,TLSv1.3,staging,Treasury,treasury-tech@tejomaya.example,2025-08-13,2026-09-15,treasury subsystem
auth-pki-123 tls cipher suite,auth-pki-123.tejomaya.internal:443,tls_cipher_suite,TLS_ECDHE_RSA_WITH_AES_256_GCM_SHA384,256,TLSv1.2,staging,PKI,pki-team@tejomaya.example,2025-10-14,2027-10-14,pki subsystem
web-treasury-187 tls certificate,web-treasury-187.tejomaya.internal:443,tls_certificate,RSA,2048,TLSv1.2,staging,Treasury,treasury-tech@tejomaya.example,2026-01-06,2027-02-08,treasury subsystem
SSH host key portal-151,/etc/ssh/ssh_host_key_portal-151,ssh_key,RSA,2048,,staging,Payments,payments-platform@tejomaya.example,2025-02-04,2027-02-04,npci subsystem
int-pki-040 database tls,int-pki-040.tejomaya.internal:443,database_tls,AES,256,,production,PKI,pki-team@tejomaya.example,2024-08-04,2026-08-04,pki subsystem
auth-treasury-075 tls key exchange,auth-treasury-075.tejomaya.internal:443,tls_key_exchange,ECDHE,256,TLSv1.3,production,Treasury,treasury-tech@tejomaya.example,2026-04-13,2028-04-12,treasury subsystem
Cards device identity 197,cards-fleet-197.tejomaya.internal,device_identity,ECDSA,256,,production,Cards,cards-engineering@tejomaya.example,2021-08-23,2029-08-21,cards subsystem
Lending device identity 140,lending-fleet-140.tejomaya.internal,device_identity,ECDSA,256,,production,Lending,lending-eng@tejomaya.example,2018-09-02,2026-08-31,lending subsystem
api-upi-198 tls certificate,api-upi-198.tejomaya.internal:443,tls_certificate,RSA,2048,TLSv1.2,staging,Payments,,2026-04-29,2027-06-01,upi subsystem
admin-pki-055 tls cipher suite,admin-pki-055.tejomaya.internal:443,tls_cipher_suite,TLS_ECDHE_RSA_WITH_AES_256_GCM_SHA384,256,TLSv1.2,production,PKI,pki-team@tejomaya.example,2025-12-06,2027-12-06,pki subsystem
SSH host key auth-129,/etc/ssh/ssh_host_key_auth-129,ssh_key,RSA,2048,,production,PKI,pki-team@tejomaya.example,2024-09-22,2026-09-22,pki subsystem
portal-lending-016 tls cipher suite,portal-lending-016.tejomaya.internal:443,tls_cipher_suite,TLS_ECDHE_RSA_WITH_AES_256_GCM_SHA384,256,TLSv1.2,production,Lending,lending-eng@tejomaya.example,2026-05-15,2028-05-14,lending subsystem
auth-corebank-026 tls cipher suite,auth-corebank-026.tejomaya.internal:443,tls_cipher_suite,TLS_ECDHE_RSA_WITH_AES_256_GCM_SHA384,256,TLSv1.2,dr,Core Banking,corebank-ops@tejomaya.example,2026-04-24,2028-04-23,corebank subsystem
Payment HSM key 203,hsm://payment-hsm-05/slot3/key,payment_hsm,RSA,2048,,production,Lending,lending-eng@tejomaya.example,2026-02-02,2028-02-02,lending subsystem
svc-corebank-041 tls certificate,svc-corebank-041.tejomaya.internal:443,tls_certificate,ECDSA,256,TLSv1.3,production,Core Banking,corebank-ops@tejomaya.example,2026-07-25,2027-08-27,corebank subsystem
PKI IPsec tunnel 167,vpn-pki-167.tejomaya.internal,vpn_ipsec,DH,2048,,production,PKI,pki-team@tejomaya.example,2024-12-22,2026-12-22,pki subsystem
mq-corebank-236 tls key exchange,mq-corebank-236.tejomaya.internal:443,tls_key_exchange,ECDHE,256,TLSv1.3,staging,Core Banking,corebank-ops@tejomaya.example,2025-02-20,2027-02-20,corebank subsystem
Payment HSM key 025,hsm://payment-hsm-07/slot1/key,payment_hsm,RSA,2048,,production,Payments,payments-platform@tejomaya.example,2025-07-30,2027-07-30,npci subsystem
auth-lending-020 tls certificate,auth-lending-020.tejomaya.internal:443,tls_certificate,RSA,2048,TLSv1.2,production,Lending,lending-eng@tejomaya.example,2026-07-14,2027-08-16,lending subsystem
rpt-upi-111 tls certificate,rpt-upi-111.tejomaya.internal:443,tls_certificate,RSA,2048,TLSv1.2,production,Payments,payments-platform@tejomaya.example,2026-07-29,2027-08-31,upi subsystem
notify-lending-175 database tls,notify-lending-175.tejomaya.internal:443,database_tls,AES,256,,production,Lending,,2025-07-04,2027-07-04,lending subsystem
sso-infra-081 tls cipher suite,sso-infra-081.tejomaya.internal:443,tls_cipher_suite,TLS_ECDHE_RSA_WITH_AES_256_GCM_SHA384,256,TLSv1.2,staging,Infrastructure,platform-team@tejomaya.example,2024-07-26,2026-07-26,infra subsystem
app-channels-237 database tls,app-channels-237.tejomaya.internal:443,database_tls,AES,256,,production,Digital Channels,identity-team@tejomaya.example,2026-06-25,2028-06-24,channels subsystem
db-corebank-023 tls certificate,db-corebank-023.tejomaya.internal:443,tls_certificate,RSA,2048,TLSv1.2,production,Core Banking,corebank-ops@tejomaya.example,2026-04-14,2027-05-17,corebank subsystem
sso-cards-069 tls key exchange,sso-cards-069.tejomaya.internal:443,tls_key_exchange,ECDHE,256,TLSv1.3,staging,Cards,cards-engineering@tejomaya.example,2026-06-14,2028-06-13,cards subsystem
Core Banking source call site 088,services/corebank/rpt_handler.py:260,source,RSA,2048,,production,Core Banking,corebank-ops@tejomaya.example,2026-07-19,2028-07-18,corebank subsystem
Infrastructure backup key 240,/opt/backup/infra-archive-240.key,backup_encryption,AES,256,,production,Infrastructure,platform-team@tejomaya.example,2025-05-29,2027-05-29,infra subsystem
auth-npci-165 tls key exchange,auth-npci-165.tejomaya.internal:443,tls_key_exchange,ECDHE,256,TLSv1.3,staging,Payments,payments-platform@tejomaya.example,2024-09-08,2026-09-08,npci subsystem
portal-treasury-080 config,portal-treasury-080.tejomaya.internal:443,config,3DES,168,TLSv1.0,production,Treasury,treasury-tech@tejomaya.example,2024-09-12,2026-09-12,treasury subsystem
Tejomaya Issuing CA - Payments,pki://tejomaya/issuing-ca-npci,issuing_ca,RSA,3072,,production,Payments,payments-platform@tejomaya.example,2023-10-14,2031-10-12,npci subsystem
admin-upi-159 database tls,admin-upi-159.tejomaya.internal:443,database_tls,AES,256,,production,Payments,payments-platform@tejomaya.example,2025-03-02,2027-03-02,upi subsystem
Core Banking token signing key 35,/opt/idp/corebank-jwt-signing-35.pem,token_signing,RSA,2048,,production,Core Banking,corebank-ops@tejomaya.example,2025-11-08,2027-11-08,corebank subsystem
sso-lending-034 tls certificate,sso-lending-034.tejomaya.internal:443,tls_certificate,ECDSA,256,TLSv1.3,dr,Lending,lending-eng@tejomaya.example,2026-05-08,2027-06-10,lending subsystem
db-treasury-110 tls key exchange,db-treasury-110.tejomaya.internal:443,tls_key_exchange,ECDHE,256,TLSv1.3,dr,Treasury,treasury-tech@tejomaya.example,2024-08-29,2026-08-29,treasury subsystem
api-cards-190 tls key exchange,api-cards-190.tejomaya.internal:443,tls_key_exchange,ECDHE,256,TLSv1.3,production,Cards,cards-engineering@tejomaya.example,2026-06-05,2028-06-04,cards subsystem
sso-corebank-008 tls cipher suite,sso-corebank-008.tejomaya.internal:443,tls_cipher_suite,TLS_ECDHE_RSA_WITH_AES_256_GCM_SHA384,256,TLSv1.2,staging,Core Banking,corebank-ops@tejomaya.example,2026-04-29,2028-04-28,corebank subsystem
ATM Estate token signing key 15,/opt/idp/atm-jwt-signing-15.pem,token_signing,RSA,2048,,production,ATM Estate,atm-engineering@tejomaya.example,2025-03-04,2027-03-04,atm subsystem
rpt-infra-118 tls certificate,rpt-infra-118.tejomaya.internal:443,tls_certificate,ECDSA,256,TLSv1.3,production,Infrastructure,platform-team@tejomaya.example,2026-05-28,2027-06-30,infra subsystem
mq-npci-230 database tls,mq-npci-230.tejomaya.internal:443,database_tls,AES,256,,production,Payments,payments-platform@tejomaya.example,2026-03-13,2028-03-12,npci subsystem
portal-pki-233 tls certificate,portal-pki-233.tejomaya.internal:443,tls_certificate,RSA,2048,TLSv1.2,production,PKI,pki-team@tejomaya.example,2026-05-29,2027-07-01,pki subsystem
admin-lending-130 tls certificate,admin-lending-130.tejomaya.internal:443,tls_certificate,RSA,2048,TLSv1.2,production,Lending,,2026-06-19,2027-07-22,lending subsystem
gw-npci-141 tls key exchange,gw-npci-141.tejomaya.internal:443,tls_key_exchange,ECDHE,256,TLSv1.3,production,Payments,payments-platform@tejomaya.example,2025-05-20,2027-05-20,npci subsystem
rpt-atm-197 tls certificate,rpt-atm-197.tejomaya.internal:443,tls_certificate,RSA,2048,TLSv1.2,production,ATM Estate,,2026-06-23,2027-07-26,atm subsystem
batch-upi-119 tls cipher suite,batch-upi-119.tejomaya.internal:443,tls_cipher_suite,TLS_ECDHE_RSA_WITH_AES_256_GCM_SHA384,256,TLSv1.2,production,Payments,payments-platform@tejomaya.example,2025-05-23,2027-05-23,upi subsystem
admin-treasury-057 tls key exchange,admin-treasury-057.tejomaya.internal:443,tls_key_exchange,ECDHE,256,TLSv1.3,dr,Treasury,treasury-tech@tejomaya.example,2025-09-28,2027-09-28,treasury subsystem
notify-infra-041 tls certificate,notify-infra-041.tejomaya.internal:443,tls_certificate,ECDSA,256,TLSv1.3,production,Infrastructure,platform-team@tejomaya.example,2026-07-03,2027-08-05,infra subsystem
svc-lending-054 tls certificate,svc-lending-054.tejomaya.internal:443,tls_certificate,ECDSA,256,TLSv1.3,production,Lending,,2026-01-03,2027-02-05,lending subsystem
Payment HSM key 166,hsm://payment-hsm-04/slot2/key,payment_hsm,RSA,2048,,production,Treasury,treasury-tech@tejomaya.example,2025-11-13,2027-11-13,treasury subsystem
mq-pki-150 tls key exchange,mq-pki-150.tejomaya.internal:443,tls_key_exchange,X25519,256,TLSv1.3,production,PKI,pki-team@tejomaya.example,2025-01-26,2027-01-26,pki subsystem
auth-corebank-226 tls key exchange,auth-corebank-226.tejomaya.internal:443,tls_key_exchange,ECDHE,256,TLSv1.3,staging,Core Banking,corebank-ops@tejomaya.example,2025-05-10,2027-05-10,corebank subsystem
app-cards-177 tls certificate,app-cards-177.tejomaya.internal:443,tls_certificate,ECDSA,256,TLSv1.3,production,Cards,,2026-06-16,2027-07-19,cards subsystem
notify-infra-123 tls key exchange,notify-infra-123.tejomaya.internal:443,tls_key_exchange,ECDHE,256,TLSv1.3,production,Infrastructure,platform-team@tejomaya.example,2024-09-23,2026-09-23,infra subsystem
portal-infra-217 tls certificate,portal-infra-217.tejomaya.internal:443,tls_certificate,RSA,2048,TLSv1.2,production,Infrastructure,platform-team@tejomaya.example,2025-10-16,2026-11-18,infra subsystem
sso-channels-210 tls key exchange,sso-channels-210.tejomaya.internal:443,tls_key_exchange,ECDHE,256,TLSv1.3,production,Digital Channels,identity-team@tejomaya.example,2025-09-02,2027-09-02,channels subsystem
SSH host key web-096,/etc/ssh/ssh_host_key_web-096,ssh_key,RSA,2048,,staging,Infrastructure,,2025-05-19,2027-05-19,infra subsystem
rpt-upi-236 tls certificate,rpt-upi-236.tejomaya.internal:443,tls_certificate,RSA,2048,TLSv1.2,production,Payments,,2025-12-18,2027-01-20,upi subsystem
cache-infra-103 tls certificate,cache-infra-103.tejomaya.internal:443,tls_certificate,ECDSA,256,TLSv1.3,production,Infrastructure,platform-team@tejomaya.example,2025-09-30,2026-11-02,infra subsystem
portal-lending-192 database tls,portal-lending-192.tejomaya.internal:443,database_tls,AES,256,,production,Lending,lending-eng@tejomaya.example,2024-07-05,2026-07-05,lending subsystem
batch-pki-169 tls certificate,batch-pki-169.tejomaya.internal:443,tls_certificate,RSA,2048,TLSv1.2,dr,PKI,,2026-06-25,2027-07-28,pki subsystem
ATM Estate backup key 100,/opt/backup/atm-archive-100.key,backup_encryption,AES,256,,production,ATM Estate,,2026-07-10,2028-07-09,atm subsystem
gw-treasury-026 tls cipher suite,gw-treasury-026.tejomaya.internal:443,tls_cipher_suite,TLS_ECDHE_RSA_WITH_AES_256_GCM_SHA384,256,TLSv1.2,production,Treasury,treasury-tech@tejomaya.example,2024-09-13,2026-09-13,treasury subsystem
auth-infra-028 tls key exchange,auth-infra-028.tejomaya.internal:443,tls_key_exchange,ECDHE,256,TLSv1.3,production,Infrastructure,platform-team@tejomaya.example,2025-03-11,2027-03-11,infra subsystem
admin-pki-050 database tls,admin-pki-050.tejomaya.internal:443,database_tls,AES,256,,production,PKI,pki-team@tejomaya.example,2025-07-03,2027-07-03,pki subsystem
ATM Estate backup key 014,/opt/backup/atm-archive-014.key,backup_encryption,AES,256,,production,ATM Estate,,2026-01-20,2028-01-20,atm subsystem
cache-lending-008 tls key exchange,cache-lending-008.tejomaya.internal:443,tls_key_exchange,ECDHE,256,TLSv1.3,dr,Lending,lending-eng@tejomaya.example,2026-02-05,2028-02-05,lending subsystem
Treasury release signing key 21,/opt/ci/treasury-release-signing-21.pem,code_signing,RSA,3072,,production,Treasury,treasury-tech@tejomaya.example,2025-02-07,2028-02-07,treasury subsystem
web-lending-202 database tls,web-lending-202.tejomaya.internal:443,database_tls,AES,256,,staging,Lending,lending-eng@tejomaya.example,2026-08-05,2028-08-04,lending subsystem
sso-treasury-021 tls certificate,sso-treasury-021.tejomaya.internal:443,tls_certificate,ECDSA,256,TLSv1.3,staging,Treasury,treasury-tech@tejomaya.example,2025-08-14,2026-09-16,treasury subsystem
mq-upi-004 tls key exchange,mq-upi-004.tejomaya.internal:443,tls_key_exchange,X25519,256,TLSv1.3,production,Payments,payments-platform@tejomaya.example,2026-01-03,2028-01-03,upi subsystem
Payments source call site 152,services/npci/web_handler.py:324,source,RSA,2048,,production,Payments,payments-platform@tejomaya.example,2024-10-04,2026-10-04,npci subsystem
int-lending-118 tls key exchange,int-lending-118.tejomaya.internal:443,tls_key_exchange,X25519,256,TLSv1.3,production,Lending,lending-eng@tejomaya.example,2024-10-04,2026-10-04,lending subsystem
db-atm-156 tls certificate,db-atm-156.tejomaya.internal:443,tls_certificate,RSA,2048,TLSv1.2,production,ATM Estate,atm-engineering@tejomaya.example,2026-04-22,2027-05-25,atm subsystem
web-pki-146 tls key exchange,web-pki-146.tejomaya.internal:443,tls_key_exchange,ECDHE,256,TLSv1.3,production,PKI,pki-team@tejomaya.example,2025-09-06,2027-09-06,pki subsystem
cache-treasury-033 tls certificate,cache-treasury-033.tejomaya.internal:443,tls_certificate,ECDSA,256,TLSv1.3,production,Treasury,treasury-tech@tejomaya.example,2026-01-10,2027-02-12,treasury subsystem
notify-npci-074 tls certificate,notify-npci-074.tejomaya.internal:443,tls_certificate,RSA,2048,TLSv1.2,production,Payments,payments-platform@tejomaya.example,2026-08-22,2027-09-24,npci subsystem
rpt-upi-170 tls certificate,rpt-upi-170.tejomaya.internal:443,tls_certificate,RSA,2048,TLSv1.2,production,Payments,,2026-04-15,2027-05-18,upi subsystem
db-infra-070 tls cipher suite,db-infra-070.tejomaya.internal:443,tls_cipher_suite,TLS_ECDHE_RSA_WITH_AES_256_GCM_SHA384,256,TLSv1.2,dr,Infrastructure,platform-team@tejomaya.example,2025-08-15,2027-08-15,infra subsystem
mq-infra-022 tls certificate,mq-infra-022.tejomaya.internal:443,tls_certificate,RSA,2048,TLSv1.2,production,Infrastructure,platform-team@tejomaya.example,2026-01-28,2027-03-02,infra subsystem
batch-channels-196 database tls,batch-channels-196.tejomaya.internal:443,database_tls,AES,256,,staging,Digital Channels,identity-team@tejomaya.example,2026-03-01,2028-02-29,channels subsystem
app-upi-002 tls certificate,app-upi-002.tejomaya.internal:443,tls_certificate,ECDSA,256,TLSv1.3,staging,Payments,payments-platform@tejomaya.example,2025-11-28,2026-12-31,upi subsystem
mq-infra-029 tls certificate,mq-infra-029.tejomaya.internal:443,tls_certificate,ECDSA,256,TLSv1.3,production,Infrastructure,platform-team@tejomaya.example,2025-09-15,2026-10-18,infra subsystem
sso-upi-198 tls cipher suite,sso-upi-198.tejomaya.internal:443,tls_cipher_suite,TLS_ECDHE_RSA_WITH_AES_256_GCM_SHA384,256,TLSv1.2,production,Payments,payments-platform@tejomaya.example,2026-04-28,2028-04-27,upi subsystem
Cards backup key 223,/opt/backup/cards-archive-223.key,backup_encryption,AES,256,,production,Cards,cards-engineering@tejomaya.example,2026-08-17,2028-08-16,cards subsystem
auth-pki-208 tls key exchange,auth-pki-208.tejomaya.internal:443,tls_key_exchange,ECDHE,256,TLSv1.3,staging,PKI,,2025-07-27,2027-07-27,pki subsystem
notify-atm-125 config,notify-atm-125.tejomaya.internal:443,config,TLS_RSA_WITH_AES_128_CBC_SHA256,128,TLSv1.2,production,ATM Estate,atm-engineering@tejomaya.example,2025-11-16,2027-11-16,atm subsystem
etl-treasury-236 tls key exchange,etl-treasury-236.tejomaya.internal:443,tls_key_exchange,ECDHE,256,TLSv1.3,dr,Treasury,treasury-tech@tejomaya.example,2026-04-18,2028-04-17,treasury subsystem
etl-channels-069 tls certificate,etl-channels-069.tejomaya.internal:443,tls_certificate,RSA,2048,TLSv1.2,production,Digital Channels,identity-team@tejomaya.example,2026-05-19,2027-06-21,channels subsystem
notify-lending-176 tls key exchange,notify-lending-176.tejomaya.internal:443,tls_key_exchange,X25519,256,TLSv1.3,production,Lending,lending-eng@tejomaya.example,2024-06-24,2026-06-24,lending subsystem
int-lending-184 tls certificate,int-lending-184.tejomaya.internal:443,tls_certificate,RSA,2048,TLSv1.2,production,Lending,lending-eng@tejomaya.example,2026-08-09,2027-09-11,lending subsystem
Cards source call site 240,services/cards/svc_handler.py:78,source,RSA,2048,,production,Cards,cards-engineering@tejomaya.example,2026-05-27,2028-05-26,cards subsystem
batch-channels-005 tls key exchange,batch-channels-005.tejomaya.internal:443,tls_key_exchange,ECDHE,256,TLSv1.3,dr,Digital Channels,,2026-05-14,2028-05-13,channels subsystem
app-pki-203 tls certificate,app-pki-203.tejomaya.internal:443,tls_certificate,ECDSA,256,TLSv1.3,production,PKI,pki-team@tejomaya.example,2026-05-30,2027-07-02,pki subsystem
cache-corebank-158 config,cache-corebank-158.tejomaya.internal:443,config,TLS_RSA_WITH_AES_128_CBC_SHA256,128,TLSv1.2,production,Core Banking,corebank-ops@tejomaya.example,2026-02-12,2028-02-12,corebank subsystem
int-atm-180 tls certificate,int-atm-180.tejomaya.internal:443,tls_certificate,ECDSA,256,TLSv1.3,production,ATM Estate,atm-engineering@tejomaya.example,2026-08-07,2027-09-09,atm subsystem
portal-cards-056 tls certificate,portal-cards-056.tejomaya.internal:443,tls_certificate,RSA,2048,TLSv1.2,staging,Cards,cards-engineering@tejomaya.example,2026-07-11,2027-08-13,cards subsystem
batch-pki-140 tls certificate,batch-pki-140.tejomaya.internal:443,tls_certificate,RSA,2048,TLSv1.2,production,PKI,pki-team@tejomaya.example,2025-12-18,2027-01-20,pki subsystem
Cards IPsec tunnel 32,vpn-cards-32.tejomaya.internal,vpn_ipsec,DH,2048,,production,Cards,cards-engineering@tejomaya.example,2025-10-04,2027-10-04,cards subsystem
gw-npci-092 database tls,gw-npci-092.tejomaya.internal:443,database_tls,AES,256,,production,Payments,payments-platform@tejomaya.example,2026-03-30,2028-03-29,npci subsystem
Payments source call site 031,services/upi/sso_handler.py:116,source,MD5,128,,production,Payments,payments-platform@tejomaya.example,2026-08-01,2028-07-31,upi subsystem
Payments source call site 019,services/upi/auth_handler.py:131,source,RSA,2048,,production,Payments,payments-platform@tejomaya.example,2026-01-20,2028-01-20,upi subsystem
cache-channels-226 database tls,cache-channels-226.tejomaya.internal:443,database_tls,AES,256,,dr,Digital Channels,identity-team@tejomaya.example,2025-11-17,2027-11-17,channels subsystem
auth-npci-189 tls certificate,auth-npci-189.tejomaya.internal:443,tls_certificate,RSA,2048,TLSv1.2,staging,Payments,payments-platform@tejomaya.example,2026-06-11,2027-07-14,npci subsystem
SSH host key int-018,/etc/ssh/ssh_host_key_int-018,ssh_key,RSA,2048,,production,Payments,payments-platform@tejomaya.example,2026-05-31,2028-05-30,npci subsystem
sso-npci-074 tls cipher suite,sso-npci-074.tejomaya.internal:443,tls_cipher_suite,TLS_ECDHE_RSA_WITH_AES_256_GCM_SHA384,256,TLSv1.2,dr,Payments,payments-platform@tejomaya.example,2026-07-11,2028-07-10,npci subsystem
etl-channels-037 tls certificate,etl-channels-037.tejomaya.internal:443,tls_certificate,RSA,2048,TLSv1.2,production,Digital Channels,identity-team@tejomaya.example,2026-04-24,2027-05-27,channels subsystem
rpt-npci-109 tls key exchange,rpt-npci-109.tejomaya.internal:443,tls_key_exchange,ECDHE,256,TLSv1.3,production,Payments,payments-platform@tejomaya.example,2026-02-11,2028-02-11,npci subsystem
rpt-atm-081 tls key exchange,rpt-atm-081.tejomaya.internal:443,tls_key_exchange,ECDHE,256,TLSv1.3,production,ATM Estate,atm-engineering@tejomaya.example,2025-01-10,2027-01-10,atm subsystem
etl-npci-066 tls certificate,etl-npci-066.tejomaya.internal:443,tls_certificate,RSA,2048,TLSv1.2,production,Payments,payments-platform@tejomaya.example,2026-07-04,2027-08-06,npci subsystem
web-lending-155 tls key exchange,web-lending-155.tejomaya.internal:443,tls_key_exchange,X25519,256,TLSv1.3,production,Lending,lending-eng@tejomaya.example,2025-12-17,2027-12-17,lending subsystem
mq-npci-092 tls certificate,mq-npci-092.tejomaya.internal:443,tls_certificate,RSA,2048,TLSv1.2,staging,Payments,payments-platform@tejomaya.example,2025-09-27,2026-10-30,npci subsystem
Payments release signing key 96,/opt/ci/npci-release-signing-96.pem,code_signing,RSA,3072,,staging,Payments,payments-platform@tejomaya.example,2026-01-28,2029-01-27,npci subsystem
rpt-corebank-082 tls cipher suite,rpt-corebank-082.tejomaya.internal:443,tls_cipher_suite,TLS_ECDHE_RSA_WITH_AES_256_GCM_SHA384,256,TLSv1.2,staging,Core Banking,corebank-ops@tejomaya.example,2026-03-25,2028-03-24,corebank subsystem
notify-channels-134 tls key exchange,notify-channels-134.tejomaya.internal:443,tls_key_exchange,ECDHE,256,TLSv1.3,staging,Digital Channels,identity-team@tejomaya.example,2025-09-03,2027-09-03,channels subsystem
mq-infra-057 tls key exchange,mq-infra-057.tejomaya.internal:443,tls_key_exchange,ECDHE,256,TLSv1.3,staging,Infrastructure,platform-team@tejomaya.example,2025-10-31,2027-10-31,infra subsystem
gw-lending-197 tls cipher suite,gw-lending-197.tejomaya.internal:443,tls_cipher_suite,TLS_ECDHE_RSA_WITH_AES_256_GCM_SHA384,256,TLSv1.2,production,Lending,lending-eng@tejomaya.example,2024-08-03,2026-08-03,lending subsystem
svc-channels-166 tls key exchange,svc-channels-166.tejomaya.internal:443,tls_key_exchange,ECDHE,256,TLSv1.3,production,Digital Channels,identity-team@tejomaya.example,2025-05-05,2027-05-05,channels subsystem
auth-channels-168 tls key exchange,auth-channels-168.tejomaya.internal:443,tls_key_exchange,ECDHE,256,TLSv1.3,production,Digital Channels,identity-team@tejomaya.example,2026-02-17,2028-02-17,channels subsystem
admin-channels-043 tls certificate,admin-channels-043.tejomaya.internal:443,tls_certificate,RSA,2048,TLSv1.2,production,Digital Channels,identity-team@tejomaya.example,2026-07-17,2027-08-19,channels subsystem
int-corebank-163 tls certificate,int-corebank-163.tejomaya.internal:443,tls_certificate,RSA,2048,TLSv1.2,production,Core Banking,corebank-ops@tejomaya.example,2026-08-18,2027-09-20,corebank subsystem
int-npci-057 tls key exchange,int-npci-057.tejomaya.internal:443,tls_key_exchange,X25519,256,TLSv1.3,staging,Payments,payments-platform@tejomaya.example,2025-02-03,2027-02-03,npci subsystem
api-upi-060 database tls,api-upi-060.tejomaya.internal:443,database_tls,AES,256,,production,Payments,payments-platform@tejomaya.example,2025-09-29,2027-09-29,upi subsystem
mq-channels-034 tls cipher suite,mq-channels-034.tejomaya.internal:443,tls_cipher_suite,TLS_ECDHE_RSA_WITH_AES_256_GCM_SHA384,256,TLSv1.2,dr,Digital Channels,,2026-07-17,2028-07-16,channels subsystem
app-treasury-079 tls key exchange,app-treasury-079.tejomaya.internal:443,tls_key_exchange,X25519,256,TLSv1.3,production,Treasury,treasury-tech@tejomaya.example,2026-01-25,2028-01-25,treasury subsystem
gw-pki-199 tls certificate,gw-pki-199.tejomaya.internal:443,tls_certificate,RSA,2048,TLSv1.2,staging,PKI,,2025-12-22,2027-01-24,pki subsystem
app-npci-108 tls cipher suite,app-npci-108.tejomaya.internal:443,tls_cipher_suite,TLS_ECDHE_RSA_WITH_AES_256_GCM_SHA384,256,TLSv1.2,staging,Payments,payments-platform@tejomaya.example,2025-05-31,2027-05-31,npci subsystem
admin-cards-026 tls key exchange,admin-cards-026.tejomaya.internal:443,tls_key_exchange,ECDHE,256,TLSv1.3,production,Cards,,2025-12-08,2027-12-08,cards subsystem
int-upi-202 tls certificate,int-upi-202.tejomaya.internal:443,tls_certificate,RSA,2048,TLSv1.2,production,Payments,payments-platform@tejomaya.example,2026-06-20,2027-07-23,upi subsystem
Lending IPsec tunnel 96,vpn-lending-96.tejomaya.internal,vpn_ipsec,DH,2048,,production,Lending,lending-eng@tejomaya.example,2024-11-19,2026-11-19,lending subsystem
Payments token signing key 163,/opt/idp/npci-jwt-signing-163.pem,token_signing,RSA,2048,,production,Payments,payments-platform@tejomaya.example,2026-05-30,2028-05-29,npci subsystem
portal-infra-092 tls certificate,portal-infra-092.tejomaya.internal:443,tls_certificate,RSA,2048,TLSv1.2,staging,Infrastructure,platform-team@tejomaya.example,2025-10-13,2026-11-15,infra subsystem
svc-infra-076 tls certificate,svc-infra-076.tejomaya.internal:443,tls_certificate,ECDSA,256,TLSv1.3,production,Infrastructure,platform-team@tejomaya.example,2026-08-21,2027-09-23,infra subsystem
ATM Estate backup key 220,/opt/backup/atm-archive-220.key,backup_encryption,AES,256,,production,ATM Estate,atm-engineering@tejomaya.example,2025-12-30,2027-12-30,atm subsystem
admin-atm-150 tls certificate,admin-atm-150.tejomaya.internal:443,tls_certificate,RSA,2048,TLSv1.2,production,ATM Estate,atm-engineering@tejomaya.example,2026-01-16,2027-02-18,atm subsystem
Infrastructure IPsec tunnel 128,vpn-infra-128.tejomaya.internal,vpn_ipsec,DH,2048,,production,Infrastructure,platform-team@tejomaya.example,2026-04-13,2028-04-12,infra subsystem
cache-infra-045 database tls,cache-infra-045.tejomaya.internal:443,database_tls,AES,256,,dr,Infrastructure,platform-team@tejomaya.example,2025-12-26,2027-12-26,infra subsystem
app-upi-143 database tls,app-upi-143.tejomaya.internal:443,database_tls,AES,256,,production,Payments,payments-platform@tejomaya.example,2026-07-10,2028-07-09,upi subsystem
svc-upi-043 tls certificate,svc-upi-043.tejomaya.internal:443,tls_certificate,RSA,2048,TLSv1.2,production,Payments,payments-platform@tejomaya.example,2026-05-06,2027-06-08,upi subsystem
ATM Estate device identity 165,atm-fleet-165.tejomaya.internal,device_identity,ECDSA,256,,production,ATM Estate,atm-engineering@tejomaya.example,2022-05-07,2030-05-05,atm subsystem
edge-cards-083 tls certificate,edge-cards-083.tejomaya.internal:443,tls_certificate,RSA,2048,TLSv1.2,dr,Cards,cards-engineering@tejomaya.example,2026-02-20,2027-03-25,cards subsystem
rpt-npci-066 tls certificate,rpt-npci-066.tejomaya.internal:443,tls_certificate,RSA,2048,TLSv1.2,production,Payments,payments-platform@tejomaya.example,2025-07-14,2026-08-16,npci subsystem
notify-infra-146 tls key exchange,notify-infra-146.tejomaya.internal:443,tls_key_exchange,ECDHE,256,TLSv1.3,production,Infrastructure,platform-team@tejomaya.example,2025-10-15,2027-10-15,infra subsystem
db-infra-182 tls certificate,db-infra-182.tejomaya.internal:443,tls_certificate,ECDSA,256,TLSv1.3,production,Infrastructure,platform-team@tejomaya.example,2026-07-03,2027-08-05,infra subsystem
db-npci-175 tls certificate,db-npci-175.tejomaya.internal:443,tls_certificate,ECDSA,256,TLSv1.3,production,Payments,payments-platform@tejomaya.example,2026-01-18,2027-02-20,npci subsystem
gw-lending-193 tls key exchange,gw-lending-193.tejomaya.internal:443,tls_key_exchange,ECDHE,256,TLSv1.3,production,Lending,lending-eng@tejomaya.example,2025-08-19,2027-08-19,lending subsystem
SSH host key admin-154,/etc/ssh/ssh_host_key_admin-154,ssh_key,RSA,2048,,production,Core Banking,corebank-ops@tejomaya.example,2024-11-09,2026-11-09,corebank subsystem
edge-infra-227 database tls,edge-infra-227.tejomaya.internal:443,database_tls,AES,256,,staging,Infrastructure,platform-team@tejomaya.example,2025-10-15,2027-10-15,infra subsystem
db-lending-120 tls cipher suite,db-lending-120.tejomaya.internal:443,tls_cipher_suite,TLS_ECDHE_RSA_WITH_AES_256_GCM_SHA384,256,TLSv1.2,production,Lending,,2025-04-19,2027-04-19,lending subsystem
db-atm-041 tls key exchange,db-atm-041.tejomaya.internal:443,tls_key_exchange,X25519,256,TLSv1.3,production,ATM Estate,atm-engineering@tejomaya.example,2025-05-15,2027-05-15,atm subsystem
notify-npci-070 tls certificate,notify-npci-070.tejomaya.internal:443,tls_certificate,RSA,2048,TLSv1.2,production,Payments,payments-platform@tejomaya.example,2026-03-05,2027-04-07,npci subsystem
svc-channels-027 tls certificate,svc-channels-027.tejomaya.internal:443,tls_certificate,ECDSA,256,TLSv1.3,production,Digital Channels,identity-team@tejomaya.example,2026-03-03,2027-04-05,channels subsystem
etl-cards-069 tls key exchange,etl-cards-069.tejomaya.internal:443,tls_key_exchange,ECDHE,256,TLSv1.3,production,Cards,,2026-07-09,2028-07-08,cards subsystem
edge-pki-186 tls certificate,edge-pki-186.tejomaya.internal:443,tls_certificate,RSA,2048,TLSv1.2,dr,PKI,pki-team@tejomaya.example,2026-07-24,2027-08-26,pki subsystem
db-corebank-125 database tls,db-corebank-125.tejomaya.internal:443,database_tls,AES,256,,staging,Core Banking,corebank-ops@tejomaya.example,2026-01-29,2028-01-29,corebank subsystem
batch-cards-169 tls key exchange,batch-cards-169.tejomaya.internal:443,tls_key_exchange,X25519,256,TLSv1.3,production,Cards,cards-engineering@tejomaya.example,2025-12-24,2027-12-24,cards subsystem
sso-infra-092 tls cipher suite,sso-infra-092.tejomaya.internal:443,tls_cipher_suite,TLS_ECDHE_RSA_WITH_AES_256_GCM_SHA384,256,TLSv1.2,dr,Infrastructure,platform-team@tejomaya.example,2026-04-03,2028-04-02,infra subsystem
auth-atm-088 tls key exchange,auth-atm-088.tejomaya.internal:443,tls_key_exchange,X25519,256,TLSv1.3,production,ATM Estate,atm-engineering@tejomaya.example,2026-05-31,2028-05-30,atm subsystem
int-pki-228 tls certificate,int-pki-228.tejomaya.internal:443,tls_certificate,ECDSA,256,TLSv1.3,production,PKI,pki-team@tejomaya.example,2026-07-13,2027-08-15,pki subsystem
int-corebank-113 tls key exchange,int-corebank-113.tejomaya.internal:443,tls_key_exchange,X25519MLKEM768,256,TLSv1.3,staging,Core Banking,corebank-ops@tejomaya.example,2025-02-14,2027-02-14,corebank subsystem
etl-corebank-133 tls key exchange,etl-corebank-133.tejomaya.internal:443,tls_key_exchange,ECDHE,256,TLSv1.3,production,Core Banking,corebank-ops@tejomaya.example,2024-12-24,2026-12-24,corebank subsystem
etl-upi-101 tls key exchange,etl-upi-101.tejomaya.internal:443,tls_key_exchange,ECDHE,256,TLSv1.3,production,Payments,payments-platform@tejomaya.example,2026-07-02,2028-07-01,upi subsystem
db-corebank-148 tls key exchange,db-corebank-148.tejomaya.internal:443,tls_key_exchange,X25519,256,TLSv1.3,production,Core Banking,,2026-07-03,2028-07-02,corebank subsystem
svc-cards-146 tls certificate,svc-cards-146.tejomaya.internal:443,tls_certificate,ECDSA,256,TLSv1.3,production,Cards,cards-engineering@tejomaya.example,2025-12-18,2027-01-20,cards subsystem
admin-infra-144 tls certificate,admin-infra-144.tejomaya.internal:443,tls_certificate,RSA,2048,TLSv1.2,production,Infrastructure,platform-team@tejomaya.example,2026-02-22,2027-03-27,infra subsystem
Core Banking source call site 004,services/corebank/etl_handler.py:92,source,RSA,2048,,production,Core Banking,corebank-ops@tejomaya.example,2025-10-12,2027-10-12,corebank subsystem
mq-corebank-237 tls certificate,mq-corebank-237.tejomaya.internal:443,tls_certificate,RSA,2048,TLSv1.2,dr,Core Banking,corebank-ops@tejomaya.example,2026-04-15,2027-05-18,corebank subsystem
cache-corebank-039 tls cipher suite,cache-corebank-039.tejomaya.internal:443,tls_cipher_suite,TLS_ECDHE_RSA_WITH_AES_256_GCM_SHA384,256,TLSv1.2,production,Core Banking,corebank-ops@tejomaya.example,2025-10-19,2027-10-19,corebank subsystem
mq-treasury-029 tls certificate,mq-treasury-029.tejomaya.internal:443,tls_certificate,RSA,2048,TLSv1.2,production,Treasury,treasury-tech@tejomaya.example,2026-04-12,2027-05-15,treasury subsystem
rpt-lending-071 tls certificate,rpt-lending-071.tejomaya.internal:443,tls_certificate,ECDSA,256,TLSv1.3,production,Lending,,2025-09-10,2026-10-13,lending subsystem
db-treasury-150 tls cipher suite,db-treasury-150.tejomaya.internal:443,tls_cipher_suite,TLS_ECDHE_RSA_WITH_AES_256_GCM_SHA384,256,TLSv1.2,staging,Treasury,treasury-tech@tejomaya.example,2025-12-18,2027-12-18,treasury subsystem
Lending release signing key 132,/opt/ci/lending-release-signing-132.pem,code_signing,RSA,3072,,production,Lending,lending-eng@tejomaya.example,2023-09-01,2026-08-31,lending subsystem
app-cards-059 tls key exchange,app-cards-059.tejomaya.internal:443,tls_key_exchange,ECDHE,256,TLSv1.3,production,Cards,cards-engineering@tejomaya.example,2025-01-21,2027-01-21,cards subsystem
NPCI firmware signing key 114,hsm://fw-hsm-04/slot0/firmware-sign,firmware_signing,RSA,3072,,production,Payments,,2022-02-05,2034-02-02,npci subsystem
sso-pki-009 tls cipher suite,sso-pki-009.tejomaya.internal:443,tls_cipher_suite,TLS_ECDHE_RSA_WITH_AES_256_GCM_SHA384,256,TLSv1.2,staging,PKI,pki-team@tejomaya.example,2025-04-20,2027-04-20,pki subsystem
Cards backup key 117,/opt/backup/cards-archive-117.key,backup_encryption,AES,256,,production,Cards,cards-engineering@tejomaya.example,2025-04-20,2027-04-20,cards subsystem
db-corebank-084 tls certificate,db-corebank-084.tejomaya.internal:443,tls_certificate,RSA,2048,TLSv1.2,production,Core Banking,,2026-06-21,2027-07-24,corebank subsystem
sso-channels-202 database tls,sso-channels-202.tejomaya.internal:443,database_tls,AES,256,,production,Digital Channels,identity-team@tejomaya.example,2025-08-16,2027-08-16,channels subsystem
gw-npci-141 tls certificate,gw-npci-141.tejomaya.internal:443,tls_certificate,RSA,2048,TLSv1.2,production,Payments,,2025-12-29,2027-01-31,npci subsystem
SSH host key notify-124,/etc/ssh/ssh_host_key_notify-124,ssh_key,RSA,2048,,production,Payments,payments-platform@tejomaya.example,2025-05-18,2027-05-18,upi subsystem
admin-channels-106 tls certificate,admin-channels-106.tejomaya.internal:443,tls_certificate,RSA,2048,TLSv1.2,production,Digital Channels,identity-team@tejomaya.example,2026-08-21,2027-09-23,channels subsystem
mq-cards-080 tls certificate,mq-cards-080.tejomaya.internal:443,tls_certificate,RSA,2048,TLSv1.2,production,Cards,cards-engineering@tejomaya.example,2026-07-05,2027-08-07,cards subsystem
web-atm-137 tls certificate,web-atm-137.tejomaya.internal:443,tls_certificate,ECDSA,256,TLSv1.3,production,ATM Estate,atm-engineering@tejomaya.example,2026-05-16,2027-06-18,atm subsystem
admin-atm-152 tls key exchange,admin-atm-152.tejomaya.internal:443,tls_key_exchange,ECDHE,256,TLSv1.3,production,ATM Estate,atm-engineering@tejomaya.example,2026-03-19,2028-03-18,atm subsystem
batch-npci-079 tls certificate,batch-npci-079.tejomaya.internal:443,tls_certificate,RSA,2048,TLSv1.2,dr,Payments,payments-platform@tejomaya.example,2026-07-12,2027-08-14,npci subsystem
db-npci-003 tls certificate,db-npci-003.tejomaya.internal:443,tls_certificate,RSA,2048,TLSv1.2,staging,Payments,,2025-10-11,2026-11-13,npci subsystem
Infrastructure source call site 108,services/infra/portal_handler.py:70,source,RSA,2048,,production,Infrastructure,platform-team@tejomaya.example,2025-07-18,2027-07-18,infra subsystem
ATM Estate release signing key 146,/opt/ci/atm-release-signing-146.pem,code_signing,RSA,3072,,production,ATM Estate,atm-engineering@tejomaya.example,2025-03-17,2028-03-16,atm subsystem
SSH host key sso-031,/etc/ssh/ssh_host_key_sso-031,ssh_key,RSA,2048,,staging,Cards,cards-engineering@tejomaya.example,2024-11-10,2026-11-10,cards subsystem
portal-cards-004 database tls,portal-cards-004.tejomaya.internal:443,database_tls,AES,256,,staging,Cards,cards-engineering@tejomaya.example,2024-09-29,2026-09-29,cards subsystem
etl-channels-130 tls cipher suite,etl-channels-130.tejomaya.internal:443,tls_cipher_suite,TLS_ECDHE_RSA_WITH_AES_256_GCM_SHA384,256,TLSv1.2,production,Digital Channels,identity-team@tejomaya.example,2026-01-24,2028-01-24,channels subsystem
SSH host key api-222,/etc/ssh/ssh_host_key_api-222,ssh_key,RSA,2048,,production,Payments,payments-platform@tejomaya.example,2025-02-01,2027-02-01,upi subsystem
admin-pki-085 tls certificate,admin-pki-085.tejomaya.internal:443,tls_certificate,RSA,2048,TLSv1.2,production,PKI,pki-team@tejomaya.example,2026-01-26,2027-02-28,pki subsystem
auth-infra-103 tls certificate,auth-infra-103.tejomaya.internal:443,tls_certificate,RSA,2048,TLSv1.2,production,Infrastructure,platform-team@tejomaya.example,2026-03-21,2027-04-23,infra subsystem
rpt-pki-150 tls certificate,rpt-pki-150.tejomaya.internal:443,tls_certificate,RSA,2048,TLSv1.2,dr,PKI,pki-team@tejomaya.example,2026-04-28,2027-05-31,pki subsystem
Core Banking device identity 063,corebank-fleet-063.tejomaya.internal,device_identity,ECDSA,256,,production,Core Banking,corebank-ops@tejomaya.example,2026-04-19,2034-04-17,corebank subsystem
etl-pki-013 tls certificate,etl-pki-013.tejomaya.internal:443,tls_certificate,RSA,2048,TLSv1.2,production,PKI,pki-team@tejomaya.example,2026-03-04,2027-04-06,pki subsystem
api-cards-130 tls certificate,api-cards-130.tejomaya.internal:443,tls_certificate,RSA,2048,TLSv1.2,production,Cards,cards-engineering@tejomaya.example,2026-04-14,2027-05-17,cards subsystem
db-infra-138 tls key exchange,db-infra-138.tejomaya.internal:443,tls_key_exchange,X25519,256,TLSv1.3,production,Infrastructure,platform-team@tejomaya.example,2026-06-07,2028-06-06,infra subsystem
int-treasury-001 tls key exchange,int-treasury-001.tejomaya.internal:443,tls_key_exchange,X25519MLKEM768,256,TLSv1.3,dr,Treasury,treasury-tech@tejomaya.example,2025-11-18,2027-11-18,treasury subsystem
batch-corebank-098 tls certificate,batch-corebank-098.tejomaya.internal:443,tls_certificate,RSA,2048,TLSv1.2,production,Core Banking,corebank-ops@tejomaya.example,2026-06-04,2027-07-07,corebank subsystem
admin-npci-195 tls key exchange,admin-npci-195.tejomaya.internal:443,tls_key_exchange,ECDHE,256,TLSv1.3,production,Payments,,2025-02-04,2027-02-04,npci subsystem
rpt-corebank-165 tls certificate,rpt-corebank-165.tejomaya.internal:443,tls_certificate,ECDSA,256,TLSv1.3,dr,Core Banking,corebank-ops@tejomaya.example,2026-06-29,2027-08-01,corebank subsystem
portal-lending-233 database tls,portal-lending-233.tejomaya.internal:443,database_tls,AES,256,,production,Lending,lending-eng@tejomaya.example,2026-03-27,2028-03-26,lending subsystem
Treasury release signing key 225,/opt/ci/treasury-release-signing-225.pem,code_signing,RSA,3072,,dr,Treasury,,2025-08-11,2028-08-10,treasury subsystem
auth-infra-192 tls certificate,auth-infra-192.tejomaya.internal:443,tls_certificate,RSA,2048,TLSv1.2,production,Infrastructure,platform-team@tejomaya.example,2026-06-22,2027-07-25,infra subsystem
notify-upi-155 database tls,notify-upi-155.tejomaya.internal:443,database_tls,AES,256,,production,Payments,payments-platform@tejomaya.example,2024-10-24,2026-10-24,upi subsystem
rpt-atm-129 tls key exchange,rpt-atm-129.tejomaya.internal:443,tls_key_exchange,X25519,256,TLSv1.3,production,ATM Estate,atm-engineering@tejomaya.example,2026-03-24,2028-03-23,atm subsystem
web-lending-224 database tls,web-lending-224.tejomaya.internal:443,database_tls,AES,256,,staging,Lending,lending-eng@tejomaya.example,2025-11-22,2027-11-22,lending subsystem
api-infra-184 tls key exchange,api-infra-184.tejomaya.internal:443,tls_key_exchange,ECDHE,256,TLSv1.3,production,Infrastructure,platform-team@tejomaya.example,2026-07-14,2028-07-13,infra subsystem
edge-upi-188 tls cipher suite,edge-upi-188.tejomaya.internal:443,tls_cipher_suite,TLS_ECDHE_RSA_WITH_AES_256_GCM_SHA384,256,TLSv1.2,production,Payments,payments-platform@tejomaya.example,2026-01-02,2028-01-02,upi subsystem
db-pki-002 tls cipher suite,db-pki-002.tejomaya.internal:443,tls_cipher_suite,TLS_ECDHE_RSA_WITH_AES_256_GCM_SHA384,256,TLSv1.2,production,PKI,pki-team@tejomaya.example,2025-01-13,2027-01-13,pki subsystem
batch-pki-012 database tls,batch-pki-012.tejomaya.internal:443,database_tls,AES,256,,staging,PKI,pki-team@tejomaya.example,2025-04-19,2027-04-19,pki subsystem
edge-corebank-223 tls certificate,edge-corebank-223.tejomaya.internal:443,tls_certificate,RSA,2048,TLSv1.2,production,Core Banking,corebank-ops@tejomaya.example,2026-07-11,2027-08-13,corebank subsystem
web-corebank-214 tls certificate,web-corebank-214.tejomaya.internal:443,tls_certificate,RSA,2048,TLSv1.2,production,Core Banking,,2025-09-07,2026-10-10,corebank subsystem
portal-cards-040 tls certificate,portal-cards-040.tejomaya.internal:443,tls_certificate,RSA,2048,TLSv1.2,production,Cards,cards-engineering@tejomaya.example,2026-01-10,2027-02-12,cards subsystem
api-npci-174 config,api-npci-174.tejomaya.internal:443,config,TLS_RSA_WITH_AES_128_CBC_SHA256,128,TLSv1.2,production,Payments,payments-platform@tejomaya.example,2025-06-24,2027-06-24,npci subsystem
cache-infra-194 tls certificate,cache-infra-194.tejomaya.internal:443,tls_certificate,RSA,2048,TLSv1.2,production,Infrastructure,platform-team@tejomaya.example,2025-12-09,2027-01-11,infra subsystem
sso-channels-134 tls key exchange,sso-channels-134.tejomaya.internal:443,tls_key_exchange,X25519,256,TLSv1.3,production,Digital Channels,,2025-07-01,2027-07-01,channels subsystem
portal-npci-040 tls certificate,portal-npci-040.tejomaya.internal:443,tls_certificate,RSA,2048,TLSv1.2,production,Payments,,2026-04-11,2027-05-14,npci subsystem
gw-treasury-206 tls certificate,gw-treasury-206.tejomaya.internal:443,tls_certificate,ECDSA,256,TLSv1.3,staging,Treasury,treasury-tech@tejomaya.example,2026-05-22,2027-06-24,treasury subsystem
rpt-infra-234 tls certificate,rpt-infra-234.tejomaya.internal:443,tls_certificate,RSA,2048,TLSv1.2,staging,Infrastructure,platform-team@tejomaya.example,2026-05-07,2027-06-09,infra subsystem
int-upi-024 tls certificate,int-upi-024.tejomaya.internal:443,tls_certificate,RSA,2048,TLSv1.2,staging,Payments,payments-platform@tejomaya.example,2026-03-09,2027-04-11,upi subsystem
api-infra-125 tls cipher suite,api-infra-125.tejomaya.internal:443,tls_cipher_suite,TLS_ECDHE_RSA_WITH_AES_256_GCM_SHA384,256,TLSv1.2,dr,Infrastructure,platform-team@tejomaya.example,2024-11-17,2026-11-17,infra subsystem
rpt-infra-109 tls key exchange,rpt-infra-109.tejomaya.internal:443,tls_key_exchange,X25519MLKEM768,256,TLSv1.3,production,Infrastructure,platform-team@tejomaya.example,2026-07-20,2028-07-19,infra subsystem
notify-atm-169 tls certificate,notify-atm-169.tejomaya.internal:443,tls_certificate,RSA,2048,TLSv1.2,production,ATM Estate,atm-engineering@tejomaya.example,2026-05-23,2027-06-25,atm subsystem
cache-infra-162 tls certificate,cache-infra-162.tejomaya.internal:443,tls_certificate,RSA,2048,TLSv1.2,production,Infrastructure,platform-team@tejomaya.example,2026-01-23,2027-02-25,infra subsystem
sso-cards-119 tls cipher suite,sso-cards-119.tejomaya.internal:443,tls_cipher_suite,TLS_ECDHE_RSA_WITH_AES_256_GCM_SHA384,256,TLSv1.2,production,Cards,cards-engineering@tejomaya.example,2026-06-06,2028-06-05,cards subsystem
Tejomaya Issuing CA - Payments,pki://tejomaya/issuing-ca-npci,issuing_ca,RSA,3072,,staging,Payments,,2021-11-29,2029-11-27,npci subsystem
etl-corebank-184 tls cipher suite,etl-corebank-184.tejomaya.internal:443,tls_cipher_suite,TLS_ECDHE_RSA_WITH_AES_256_GCM_SHA384,256,TLSv1.2,dr,Core Banking,corebank-ops@tejomaya.example,2025-07-19,2027-07-19,corebank subsystem
sso-treasury-035 config,sso-treasury-035.tejomaya.internal:443,config,TLS_RSA_WITH_AES_128_CBC_SHA256,128,TLSv1.2,staging,Treasury,treasury-tech@tejomaya.example,2025-07-09,2027-07-09,treasury subsystem
edge-pki-232 tls certificate,edge-pki-232.tejomaya.internal:443,tls_certificate,RSA,2048,TLSv1.2,staging,PKI,pki-team@tejomaya.example,2026-01-29,2027-03-03,pki subsystem
Treasury source call site 224,services/treasury/gw_handler.py:304,source,RSA,2048,,production,Treasury,treasury-tech@tejomaya.example,2025-07-25,2027-07-25,treasury subsystem
sso-pki-080 tls key exchange,sso-pki-080.tejomaya.internal:443,tls_key_exchange,ECDHE,256,TLSv1.3,production,PKI,pki-team@tejomaya.example,2025-06-10,2027-06-10,pki subsystem
app-lending-060 tls certificate,app-lending-060.tejomaya.internal:443,tls_certificate,RSA,2048,TLSv1.2,production,Lending,lending-eng@tejomaya.example,2026-06-19,2027-07-22,lending subsystem
batch-infra-150 tls certificate,batch-infra-150.tejomaya.internal:443,tls_certificate,RSA,2048,TLSv1.2,production,Infrastructure,,2026-01-28,2027-03-02,infra subsystem
auth-pki-133 tls certificate,auth-pki-133.tejomaya.internal:443,tls_certificate,RSA,2048,TLSv1.2,staging,PKI,pki-team@tejomaya.example,2025-11-20,2026-12-23,pki subsystem
Tejomaya Issuing CA - PKI,pki://tejomaya/issuing-ca-pki,issuing_ca,RSA,3072,,production,PKI,,2026-02-06,2034-02-04,pki subsystem
web-atm-217 tls certificate,web-atm-217.tejomaya.internal:443,tls_certificate,ECDSA,256,TLSv1.3,production,ATM Estate,atm-engineering@tejomaya.example,2026-01-07,2027-02-09,atm subsystem
edge-pki-059 tls certificate,edge-pki-059.tejomaya.internal:443,tls_certificate,RSA,2048,TLSv1.2,dr,PKI,pki-team@tejomaya.example,2026-01-17,2027-02-19,pki subsystem
cache-channels-095 tls key exchange,cache-channels-095.tejomaya.internal:443,tls_key_exchange,ECDHE,256,TLSv1.3,production,Digital Channels,identity-team@tejomaya.example,2026-06-02,2028-06-01,channels subsystem
Lending source call site 027,services/lending/int_handler.py:100,source,MD5,128,,staging,Lending,lending-eng@tejomaya.example,2026-03-16,2028-03-15,lending subsystem
gw-lending-035 tls key exchange,gw-lending-035.tejomaya.internal:443,tls_key_exchange,ECDHE,256,TLSv1.3,production,Lending,lending-eng@tejomaya.example,2026-07-21,2028-07-20,lending subsystem
app-treasury-152 tls certificate,app-treasury-152.tejomaya.internal:443,tls_certificate,RSA,2048,TLSv1.2,production,Treasury,,2026-05-19,2027-06-21,treasury subsystem
svc-atm-102 tls certificate,svc-atm-102.tejomaya.internal:443,tls_certificate,ECDSA,256,TLSv1.3,staging,ATM Estate,atm-engineering@tejomaya.example,2025-12-23,2027-01-25,atm subsystem
gw-npci-105 tls certificate,gw-npci-105.tejomaya.internal:443,tls_certificate,ECDSA,256,TLSv1.3,production,Payments,payments-platform@tejomaya.example,2025-08-16,2026-09-18,npci subsystem
SSH host key svc-039,/etc/ssh/ssh_host_key_svc-039,ssh_key,RSA,2048,,production,Treasury,treasury-tech@tejomaya.example,2025-11-07,2027-11-07,treasury subsystem
rpt-pki-209 tls cipher suite,rpt-pki-209.tejomaya.internal:443,tls_cipher_suite,TLS_ECDHE_RSA_WITH_AES_256_GCM_SHA384,256,TLSv1.2,production,PKI,pki-team@tejomaya.example,2025-05-07,2027-05-07,pki subsystem
ATM Estate token signing key 169,/opt/idp/atm-jwt-signing-169.pem,token_signing,RSA,2048,,production,ATM Estate,atm-engineering@tejomaya.example,2025-05-28,2027-05-28,atm subsystem
cache-corebank-106 tls certificate,cache-corebank-106.tejomaya.internal:443,tls_certificate,RSA,2048,TLSv1.2,production,Core Banking,,2026-08-10,2027-09-12,corebank subsystem
Payments device identity 175,upi-fleet-175.tejomaya.internal,device_identity,ECDSA,256,,production,Payments,payments-platform@tejomaya.example,2018-08-29,2026-08-27,upi subsystem
api-channels-212 tls certificate,api-channels-212.tejomaya.internal:443,tls_certificate,RSA,2048,TLSv1.2,production,Digital Channels,,2026-01-12,2027-02-14,channels subsystem
Payments backup key 122,/opt/backup/npci-archive-122.key,backup_encryption,3DES,168,,staging,Payments,,2024-10-23,2026-10-23,npci subsystem
db-channels-210 tls certificate,db-channels-210.tejomaya.internal:443,tls_certificate,RSA,2048,TLSv1.2,production,Digital Channels,identity-team@tejomaya.example,2025-12-17,2027-01-19,channels subsystem
web-atm-083 tls certificate,web-atm-083.tejomaya.internal:443,tls_certificate,ECDSA,256,TLSv1.3,production,ATM Estate,,2025-05-23,2026-06-25,atm subsystem
rpt-cards-134 tls key exchange,rpt-cards-134.tejomaya.internal:443,tls_key_exchange,ECDHE,256,TLSv1.3,production,Cards,cards-engineering@tejomaya.example,2024-09-07,2026-09-07,cards subsystem
mq-pki-236 config,mq-pki-236.tejomaya.internal:443,config,TLS_RSA_WITH_AES_128_CBC_SHA256,128,TLSv1.2,production,PKI,pki-team@tejomaya.example,2026-03-19,2028-03-18,pki subsystem
svc-npci-159 database tls,svc-npci-159.tejomaya.internal:443,database_tls,AES,256,,staging,Payments,payments-platform@tejomaya.example,2025-03-17,2027-03-17,npci subsystem
notify-upi-008 tls key exchange,notify-upi-008.tejomaya.internal:443,tls_key_exchange,ECDHE,256,TLSv1.3,production,Payments,payments-platform@tejomaya.example,2024-09-28,2026-09-28,upi subsystem
sso-npci-043 tls certificate,sso-npci-043.tejomaya.internal:443,tls_certificate,ECDSA,256,TLSv1.3,staging,Payments,payments-platform@tejomaya.example,2026-03-25,2027-04-27,npci subsystem
etl-atm-194 tls key exchange,etl-atm-194.tejomaya.internal:443,tls_key_exchange,X25519,256,TLSv1.3,staging,ATM Estate,atm-engineering@tejomaya.example,2025-12-19,2027-12-19,atm subsystem
api-atm-040 tls certificate,api-atm-040.tejomaya.internal:443,tls_certificate,RSA,2048,TLSv1.2,production,ATM Estate,atm-engineering@tejomaya.example,2026-04-06,2027-05-09,atm subsystem
SSH host key web-044,/etc/ssh/ssh_host_key_web-044,ssh_key,RSA,2048,,staging,Core Banking,corebank-ops@tejomaya.example,2025-01-20,2027-01-20,corebank subsystem
db-pki-116 tls certificate,db-pki-116.tejomaya.internal:443,tls_certificate,ECDSA,256,TLSv1.3,production,PKI,pki-team@tejomaya.example,2026-02-17,2027-03-22,pki subsystem
sso-infra-028 config,sso-infra-028.tejomaya.internal:443,config,TLS_RSA_WITH_AES_128_CBC_SHA256,128,TLSv1.2,production,Infrastructure,,2026-07-07,2028-07-06,infra subsystem
SSH host key web-098,/etc/ssh/ssh_host_key_web-098,ssh_key,RSA,2048,,production,ATM Estate,atm-engineering@tejomaya.example,2025-03-27,2027-03-27,atm subsystem
etl-upi-185 tls certificate,etl-upi-185.tejomaya.internal:443,tls_certificate,ECDSA,256,TLSv1.3,production,Payments,,2026-07-05,2027-08-07,upi subsystem
etl-infra-064 config,etl-infra-064.tejomaya.internal:443,config,3DES,168,TLSv1.0,production,Infrastructure,platform-team@tejomaya.example,2024-07-21,2026-07-21,infra subsystem
batch-cards-217 tls key exchange,batch-cards-217.tejomaya.internal:443,tls_key_exchange,ECDHE,256,TLSv1.3,production,Cards,cards-engineering@tejomaya.example,2025-08-21,2027-08-21,cards subsystem
batch-lending-233 tls certificate,batch-lending-233.tejomaya.internal:443,tls_certificate,RSA,2048,TLSv1.2,production,Lending,lending-eng@tejomaya.example,2026-02-23,2027-03-28,lending subsystem
int-atm-137 tls certificate,int-atm-137.tejomaya.internal:443,tls_certificate,RSA,2048,TLSv1.2,production,ATM Estate,atm-engineering@tejomaya.example,2026-06-24,2027-07-27,atm subsystem
PKI release signing key 153,/opt/ci/pki-release-signing-153.pem,code_signing,ML-DSA-65,256,,production,PKI,pki-team@tejomaya.example,2025-01-10,2028-01-10,pki subsystem
admin-upi-166 tls key exchange,admin-upi-166.tejomaya.internal:443,tls_key_exchange,ECDHE,256,TLSv1.3,staging,Payments,payments-platform@tejomaya.example,2026-07-27,2028-07-26,upi subsystem
etl-treasury-058 tls certificate,etl-treasury-058.tejomaya.internal:443,tls_certificate,RSA,2048,TLSv1.2,production,Treasury,treasury-tech@tejomaya.example,2026-04-18,2027-05-21,treasury subsystem
etl-infra-222 tls certificate,etl-infra-222.tejomaya.internal:443,tls_certificate,RSA,2048,TLSv1.2,dr,Infrastructure,platform-team@tejomaya.example,2025-12-14,2027-01-16,infra subsystem
db-npci-142 tls certificate,db-npci-142.tejomaya.internal:443,tls_certificate,ECDSA,256,TLSv1.3,production,Payments,payments-platform@tejomaya.example,2025-12-07,2027-01-09,npci subsystem
api-corebank-138 tls cipher suite,api-corebank-138.tejomaya.internal:443,tls_cipher_suite,TLS_ECDHE_RSA_WITH_AES_256_GCM_SHA384,256,TLSv1.2,production,Core Banking,corebank-ops@tejomaya.example,2026-07-28,2028-07-27,corebank subsystem
SSH host key int-070,/etc/ssh/ssh_host_key_int-070,ssh_key,RSA,2048,,production,PKI,pki-team@tejomaya.example,2025-04-30,2027-04-30,pki subsystem
Payment HSM key 107,hsm://payment-hsm-08/slot3/key,payment_hsm,RSA,2048,,production,Treasury,treasury-tech@tejomaya.example,2024-08-06,2026-08-06,treasury subsystem
mq-atm-046 tls certificate,mq-atm-046.tejomaya.internal:443,tls_certificate,ECDSA,256,TLSv1.3,production,ATM Estate,,2026-06-24,2027-07-27,atm subsystem
portal-upi-002 tls certificate,portal-upi-002.tejomaya.internal:443,tls_certificate,RSA,2048,TLSv1.2,production,Payments,payments-platform@tejomaya.example,2025-11-24,2026-12-27,upi subsystem
int-channels-174 tls key exchange,int-channels-174.tejomaya.internal:443,tls_key_exchange,ECDHE,256,TLSv1.3,production,Digital Channels,identity-team@tejomaya.example,2026-02-08,2028-02-08,channels subsystem
Infrastructure device identity 149,infra-fleet-149.tejomaya.internal,device_identity,ECDSA,256,,production,Infrastructure,platform-team@tejomaya.example,2025-04-19,2033-04-17,infra subsystem
svc-treasury-228 tls certificate,svc-treasury-228.tejomaya.internal:443,tls_certificate,RSA,2048,TLSv1.2,production,Treasury,treasury-tech@tejomaya.example,2026-03-20,2027-04-22,treasury subsystem
cache-infra-155 tls certificate,cache-infra-155.tejomaya.internal:443,tls_certificate,RSA,2048,TLSv1.2,production,Infrastructure,platform-team@tejomaya.example,2025-11-24,2026-12-27,infra subsystem
notify-lending-091 tls certificate,notify-lending-091.tejomaya.internal:443,tls_certificate,RSA,2048,TLSv1.2,production,Lending,lending-eng@tejomaya.example,2026-01-29,2027-03-03,lending subsystem
db-lending-128 tls key exchange,db-lending-128.tejomaya.internal:443,tls_key_exchange,ECDHE,256,TLSv1.3,dr,Lending,lending-eng@tejomaya.example,2025-12-12,2027-12-12,lending subsystem
int-treasury-122 tls certificate,int-treasury-122.tejomaya.internal:443,tls_certificate,ECDSA,256,TLSv1.3,production,Treasury,treasury-tech@tejomaya.example,2026-04-04,2027-05-07,treasury subsystem
Tejomaya Issuing CA - Payments,pki://tejomaya/issuing-ca-npci,issuing_ca,RSA,3072,,production,Payments,payments-platform@tejomaya.example,2020-07-05,2028-07-03,npci subsystem
Payments backup key 236,/opt/backup/npci-archive-236.key,backup_encryption,3DES,168,,production,Payments,payments-platform@tejomaya.example,2026-01-08,2028-01-08,npci subsystem
rpt-lending-195 tls key exchange,rpt-lending-195.tejomaya.internal:443,tls_key_exchange,ECDHE,256,TLSv1.3,dr,Lending,lending-eng@tejomaya.example,2026-01-16,2028-01-16,lending subsystem
gw-upi-016 tls key exchange,gw-upi-016.tejomaya.internal:443,tls_key_exchange,ECDHE,256,TLSv1.3,dr,Payments,,2024-10-08,2026-10-08,upi subsystem
svc-pki-208 tls certificate,svc-pki-208.tejomaya.internal:443,tls_certificate,ECDSA,256,TLSv1.3,production,PKI,,2026-02-18,2027-03-23,pki subsystem
notify-pki-112 tls certificate,notify-pki-112.tejomaya.internal:443,tls_certificate,ECDSA,256,TLSv1.3,staging,PKI,pki-team@tejomaya.example,2026-03-20,2027-04-22,pki subsystem
gw-lending-022 tls certificate,gw-lending-022.tejomaya.internal:443,tls_certificate,RSA,2048,TLSv1.2,staging,Lending,lending-eng@tejomaya.example,2026-03-25,2027-04-27,lending subsystem
